{
	"format_version": "1.21.6",
	"credit": "Made with Blockbench",
	"texture_size": [136, 136],
	"textures": {
		"0": "item/texture",
		"2": "item/gold_block",
		"particle": "item/texture"
	},
	"elements": [
		{
			"from": [-16, -16, -16],
			"to": [32, -14, 32],
			"rotation": {"angle": 0, "axis": "y", "origin": [0, -16, 0]},
			"faces": {
				"north": {"uv": [0, 15.10952, 16, 16], "texture": "#2"},
				"east": {"uv": [1, 6.42857, 16, 7.61905], "texture": "#2"},
				"south": {"uv": [0, 13.61905, 15, 14.80952], "texture": "#2"},
				"west": {"uv": [0, 15.20952, 16, 16], "texture": "#2"},
				"up": {"uv": [16, 16, 0, 0], "texture": "#2"},
				"down": {"uv": [16, 0, 0, 16], "texture": "#2"}
			}
		},
		{
			"from": [-16, -14, -2],
			"to": [18, -12, 32],
			"rotation": {"angle": 45, "axis": "y", "origin": [-4, -16, 3]},
			"faces": {
				"north": {"uv": [0, 15.20952, 16, 16], "texture": "#2"},
				"east": {"uv": [1, 4, 16, 5.19048], "texture": "#2"},
				"south": {"uv": [0, 4.19048, 15, 5.38095], "texture": "#2"},
				"west": {"uv": [0, 15.20952, 16, 16], "texture": "#2"},
				"up": {"uv": [16, 15.66667, 0, 0], "texture": "#2"},
				"down": {"uv": [14.66667, 0, 11.42857, 3.2381], "texture": "#missing"}
			}
		},
		{
			"from": [-4, -12, -4],
			"to": [20, -10, 20],
			"rotation": {"angle": 0, "axis": "y", "origin": [0, -12, 1]},
			"faces": {
				"north": {"uv": [0, 15.30952, 16, 16], "texture": "#2"},
				"east": {"uv": [0, 5.66667, 16, 9.85714], "texture": "#2"},
				"south": {"uv": [0, 9.85714, 16, 12], "texture": "#2"},
				"west": {"uv": [0, 15.10952, 16, 16], "texture": "#2"},
				"up": {"uv": [16, 16, 0, 0], "texture": "#2"},
				"down": {"uv": [13.52381, 4.38095, 11.2381, 6.66667], "texture": "#missing"}
			}
		},
		{
			"from": [12, -10, 12],
			"to": [19, -8, 17],
			"rotation": {"angle": 0, "axis": "y", "origin": [17, -10, 14]},
			"faces": {
				"north": {"uv": [0.58824, 11.29412, 1.41176, 11.52941], "texture": "#0"},
				"east": {"uv": [0, 11.29412, 0.58824, 11.52941], "texture": "#0"},
				"south": {"uv": [2, 11.29412, 2.82353, 11.52941], "texture": "#0"},
				"west": {"uv": [1.41176, 11.29412, 2, 11.52941], "texture": "#0"},
				"up": {"uv": [1.41176, 11.29412, 0.58824, 10.70588], "texture": "#0"},
				"down": {"uv": [2.23529, 10.70588, 1.41176, 11.29412], "texture": "#0"}
			}
		},
		{
			"from": [-3, -10, 12],
			"to": [4, -8, 17],
			"rotation": {"angle": 0, "axis": "y", "origin": [2, -10, 14]},
			"faces": {
				"north": {"uv": [3.41176, 11.29412, 4.23529, 11.52941], "texture": "#0"},
				"east": {"uv": [2.82353, 11.29412, 3.41176, 11.52941], "texture": "#0"},
				"south": {"uv": [4.82353, 11.29412, 5.64706, 11.52941], "texture": "#0"},
				"west": {"uv": [4.23529, 11.29412, 4.82353, 11.52941], "texture": "#0"},
				"up": {"uv": [4.23529, 11.29412, 3.41176, 10.70588], "texture": "#0"},
				"down": {"uv": [5.05882, 10.70588, 4.23529, 11.29412], "texture": "#0"}
			}
		},
		{
			"from": [-3, -4, 0],
			"to": [18, 6, 16],
			"rotation": {"angle": 0, "axis": "y", "origin": [8, -4, 8]},
			"faces": {
				"north": {"uv": [1.88235, 1.88235, 4.35294, 3.05882], "texture": "#0"},
				"east": {"uv": [0, 1.88235, 1.88235, 3.05882], "texture": "#0"},
				"south": {"uv": [6.23529, 1.88235, 8.70588, 3.05882], "texture": "#0"},
				"west": {"uv": [4.35294, 1.88235, 6.23529, 3.05882], "texture": "#0"},
				"up": {"uv": [4.35294, 1.88235, 1.88235, 0], "texture": "#0"},
				"down": {"uv": [6.82353, 0, 4.35294, 1.88235], "texture": "#0"}
			}
		},
		{
			"from": [-6, -3.4, 0.4],
			"to": [17, 5.6, 15.4],
			"rotation": {"angle": 0, "axis": "y", "origin": [7, -3.4, 7.4]},
			"faces": {
				"north": {"uv": [1.76471, 4.82353, 4.47059, 5.88235], "texture": "#0"},
				"east": {"uv": [0, 4.82353, 1.76471, 5.88235], "texture": "#0"},
				"south": {"uv": [6.23529, 4.82353, 8.94118, 5.88235], "texture": "#0"},
				"west": {"uv": [4.47059, 4.82353, 6.23529, 5.88235], "texture": "#0"},
				"up": {"uv": [4.47059, 4.82353, 1.76471, 3.05882], "texture": "#0"},
				"down": {"uv": [7.17647, 3.05882, 4.47059, 4.82353], "texture": "#0"}
			}
		},
		{
			"from": [-3, -8, 12],
			"to": [1, -3, 17],
			"rotation": {"angle": 0, "axis": "y", "origin": [0, -8, 14]},
			"faces": {
				"north": {"uv": [7.88235, 12.11765, 8.35294, 12.70588], "texture": "#0"},
				"east": {"uv": [7.29412, 12.11765, 7.88235, 12.70588], "texture": "#0"},
				"south": {"uv": [8.94118, 12.11765, 9.41176, 12.70588], "texture": "#0"},
				"west": {"uv": [8.35294, 12.11765, 8.94118, 12.70588], "texture": "#0"},
				"up": {"uv": [8.35294, 12.11765, 7.88235, 11.52941], "texture": "#0"},
				"down": {"uv": [8.82353, 11.52941, 8.35294, 12.11765], "texture": "#0"}
			}
		},
		{
			"from": [-3, -8, -1],
			"to": [1, -2, 4],
			"rotation": {"angle": 0, "axis": "y", "origin": [0, -8, 0]},
			"faces": {
				"north": {"uv": [11.88235, 11.29412, 12.35294, 12], "texture": "#0"},
				"east": {"uv": [11.29412, 11.29412, 11.88235, 12], "texture": "#0"},
				"south": {"uv": [12.94118, 11.29412, 13.41176, 12], "texture": "#0"},
				"west": {"uv": [12.35294, 11.29412, 12.94118, 12], "texture": "#0"},
				"up": {"uv": [12.35294, 11.29412, 11.88235, 10.70588], "texture": "#0"},
				"down": {"uv": [12.82353, 10.70588, 12.35294, 11.29412], "texture": "#0"}
			}
		},
		{
			"from": [-3, -10, -1],
			"to": [4, -8, 4],
			"rotation": {"angle": 0, "axis": "y", "origin": [2, -10, 0]},
			"faces": {
				"north": {"uv": [6.23529, 11.29412, 7.05882, 11.52941], "texture": "#0"},
				"east": {"uv": [5.64706, 11.29412, 6.23529, 11.52941], "texture": "#0"},
				"south": {"uv": [7.64706, 11.29412, 8.47059, 11.52941], "texture": "#0"},
				"west": {"uv": [7.05882, 11.29412, 7.64706, 11.52941], "texture": "#0"},
				"up": {"uv": [7.05882, 11.29412, 6.23529, 10.70588], "texture": "#0"},
				"down": {"uv": [7.88235, 10.70588, 7.05882, 11.29412], "texture": "#0"}
			}
		},
		{
			"from": [12, -8, 12],
			"to": [16, -3, 17],
			"rotation": {"angle": 0, "axis": "y", "origin": [15, -8, 14]},
			"faces": {
				"north": {"uv": [10, 12.58824, 10.47059, 13.17647], "texture": "#0"},
				"east": {"uv": [9.41176, 12.58824, 10, 13.17647], "texture": "#0"},
				"south": {"uv": [11.05882, 12.58824, 11.52941, 13.17647], "texture": "#0"},
				"west": {"uv": [10.47059, 12.58824, 11.05882, 13.17647], "texture": "#0"},
				"up": {"uv": [10.47059, 12.58824, 10, 12], "texture": "#0"},
				"down": {"uv": [10.94118, 12, 10.47059, 12.58824], "texture": "#0"}
			}
		},
		{
			"from": [12, -8, -1],
			"to": [16, -2, 4],
			"rotation": {"angle": 0, "axis": "y", "origin": [15, -8, 0]},
			"faces": {
				"north": {"uv": [0.58824, 12.11765, 1.05882, 12.82353], "texture": "#0"},
				"east": {"uv": [0, 12.11765, 0.58824, 12.82353], "texture": "#0"},
				"south": {"uv": [1.64706, 12.11765, 2.11765, 12.82353], "texture": "#0"},
				"west": {"uv": [1.05882, 12.11765, 1.64706, 12.82353], "texture": "#0"},
				"up": {"uv": [1.05882, 12.11765, 0.58824, 11.52941], "texture": "#0"},
				"down": {"uv": [1.52941, 11.52941, 1.05882, 12.11765], "texture": "#0"}
			}
		},
		{
			"from": [12, -10, -1],
			"to": [19, -8, 4],
			"rotation": {"angle": 0, "axis": "y", "origin": [17, -10, 0]},
			"faces": {
				"north": {"uv": [9.05882, 11.29412, 9.88235, 11.52941], "texture": "#0"},
				"east": {"uv": [8.47059, 11.29412, 9.05882, 11.52941], "texture": "#0"},
				"south": {"uv": [10.47059, 11.29412, 11.29412, 11.52941], "texture": "#0"},
				"west": {"uv": [9.88235, 11.29412, 10.47059, 11.52941], "texture": "#0"},
				"up": {"uv": [9.88235, 11.29412, 9.05882, 10.70588], "texture": "#0"},
				"down": {"uv": [10.70588, 10.70588, 9.88235, 11.29412], "texture": "#0"}
			}
		},
		{
			"from": [-5.6, 5.9, 7],
			"to": [-2.6, 6.9, 9],
			"rotation": {"angle": 0, "axis": "y", "origin": [-3.6, 5.9, 8]},
			"faces": {
				"north": {"uv": [10.58824, 5.64706, 10.94118, 5.76471], "texture": "#0"},
				"east": {"uv": [10.35294, 5.64706, 10.58824, 5.76471], "texture": "#0"},
				"south": {"uv": [11.17647, 5.64706, 11.52941, 5.76471], "texture": "#0"},
				"west": {"uv": [10.94118, 5.64706, 11.17647, 5.76471], "texture": "#0"},
				"up": {"uv": [10.94118, 5.64706, 10.58824, 5.41176], "texture": "#0"},
				"down": {"uv": [11.29412, 5.41176, 10.94118, 5.64706], "texture": "#0"}
			}
		},
		{
			"from": [-3.6, 6.6, 7],
			"to": [-2.6, 7.6, 9],
			"rotation": {"angle": 0, "axis": "y", "origin": [-2.6, 6.6, 8]},
			"faces": {
				"north": {"uv": [12.70588, 13.05882, 12.82353, 13.17647], "texture": "#0"},
				"east": {"uv": [12.47059, 13.05882, 12.70588, 13.17647], "texture": "#0"},
				"south": {"uv": [13.05882, 13.05882, 13.17647, 13.17647], "texture": "#0"},
				"west": {"uv": [12.82353, 13.05882, 13.05882, 13.17647], "texture": "#0"},
				"up": {"uv": [12.82353, 13.05882, 12.70588, 12.82353], "texture": "#0"},
				"down": {"uv": [12.94118, 12.82353, 12.82353, 13.05882], "texture": "#0"}
			}
		},
		{
			"from": [-1.6, 7, 7],
			"to": [-0.6, 8, 9],
			"rotation": {"angle": 0, "axis": "y", "origin": [-0.6, 7, 8]},
			"faces": {
				"north": {"uv": [13.17647, 6, 13.29412, 6.11765], "texture": "#0"},
				"east": {"uv": [12.94118, 6, 13.17647, 6.11765], "texture": "#0"},
				"south": {"uv": [13.52941, 6, 13.64706, 6.11765], "texture": "#0"},
				"west": {"uv": [13.29412, 6, 13.52941, 6.11765], "texture": "#0"},
				"up": {"uv": [13.29412, 6, 13.17647, 5.76471], "texture": "#0"},
				"down": {"uv": [13.41176, 5.76471, 13.29412, 6], "texture": "#0"}
			}
		},
		{
			"from": [-4.6, 6, 7],
			"to": [-0.6, 7, 9],
			"rotation": {"angle": 0, "axis": "y", "origin": [-1.6, 6, 8]},
			"faces": {
				"north": {"uv": [9.17647, 5.64706, 9.64706, 5.76471], "texture": "#0"},
				"east": {"uv": [8.94118, 5.64706, 9.17647, 5.76471], "texture": "#0"},
				"south": {"uv": [9.88235, 5.64706, 10.35294, 5.76471], "texture": "#0"},
				"west": {"uv": [9.64706, 5.64706, 9.88235, 5.76471], "texture": "#0"},
				"up": {"uv": [9.64706, 5.64706, 9.17647, 5.41176], "texture": "#0"},
				"down": {"uv": [10.11765, 5.41176, 9.64706, 5.64706], "texture": "#0"}
			}
		},
		{
			"from": [0.9, 7, 7],
			"to": [1.9, 8, 9],
			"rotation": {"angle": 0, "axis": "y", "origin": [1.9, 7, 8]},
			"faces": {
				"north": {"uv": [13.17647, 6.35294, 13.29412, 6.47059], "texture": "#0"},
				"east": {"uv": [12.94118, 6.35294, 13.17647, 6.47059], "texture": "#0"},
				"south": {"uv": [13.52941, 6.35294, 13.64706, 6.47059], "texture": "#0"},
				"west": {"uv": [13.29412, 6.35294, 13.52941, 6.47059], "texture": "#0"},
				"up": {"uv": [13.29412, 6.35294, 13.17647, 6.11765], "texture": "#0"},
				"down": {"uv": [13.41176, 6.11765, 13.29412, 6.35294], "texture": "#0"}
			}
		},
		{
			"from": [-1.1, 6, 7],
			"to": [1.9, 7, 9],
			"rotation": {"angle": 0, "axis": "y", "origin": [0.9, 6, 8]},
			"faces": {
				"north": {"uv": [11.76471, 5.64706, 12.11765, 5.76471], "texture": "#0"},
				"east": {"uv": [11.52941, 5.64706, 11.76471, 5.76471], "texture": "#0"},
				"south": {"uv": [12.35294, 5.64706, 12.70588, 5.76471], "texture": "#0"},
				"west": {"uv": [12.11765, 5.64706, 12.35294, 5.76471], "texture": "#0"},
				"up": {"uv": [12.11765, 5.64706, 11.76471, 5.41176], "texture": "#0"},
				"down": {"uv": [12.47059, 5.41176, 12.11765, 5.64706], "texture": "#0"}
			}
		},
		{
			"from": [3.3, 7, 7],
			"to": [4.3, 8, 9],
			"rotation": {"angle": 0, "axis": "y", "origin": [4.3, 7, 8]},
			"faces": {
				"north": {"uv": [13.17647, 6.70588, 13.29412, 6.82353], "texture": "#0"},
				"east": {"uv": [12.94118, 6.70588, 13.17647, 6.82353], "texture": "#0"},
				"south": {"uv": [13.52941, 6.70588, 13.64706, 6.82353], "texture": "#0"},
				"west": {"uv": [13.29412, 6.70588, 13.52941, 6.82353], "texture": "#0"},
				"up": {"uv": [13.29412, 6.70588, 13.17647, 6.47059], "texture": "#0"},
				"down": {"uv": [13.41176, 6.47059, 13.29412, 6.70588], "texture": "#0"}
			}
		},
		{
			"from": [1.3, 6, 7],
			"to": [4.3, 7, 9],
			"rotation": {"angle": 0, "axis": "y", "origin": [3.3, 6, 8]},
			"faces": {
				"north": {"uv": [9.64706, 11.76471, 10, 11.88235], "texture": "#0"},
				"east": {"uv": [9.41176, 11.76471, 9.64706, 11.88235], "texture": "#0"},
				"south": {"uv": [10.23529, 11.76471, 10.58824, 11.88235], "texture": "#0"},
				"west": {"uv": [10, 11.76471, 10.23529, 11.88235], "texture": "#0"},
				"up": {"uv": [10, 11.76471, 9.64706, 11.52941], "texture": "#0"},
				"down": {"uv": [10.35294, 11.52941, 10, 11.76471], "texture": "#0"}
			}
		},
		{
			"from": [5.7, 7, 7],
			"to": [6.7, 8, 9],
			"rotation": {"angle": 0, "axis": "y", "origin": [6.7, 7, 8]},
			"faces": {
				"north": {"uv": [13.17647, 7.05882, 13.29412, 7.17647], "texture": "#0"},
				"east": {"uv": [12.94118, 7.05882, 13.17647, 7.17647], "texture": "#0"},
				"south": {"uv": [13.52941, 7.05882, 13.64706, 7.17647], "texture": "#0"},
				"west": {"uv": [13.29412, 7.05882, 13.52941, 7.17647], "texture": "#0"},
				"up": {"uv": [13.29412, 7.05882, 13.17647, 6.82353], "texture": "#0"},
				"down": {"uv": [13.41176, 6.82353, 13.29412, 7.05882], "texture": "#0"}
			}
		},
		{
			"from": [3.7, 6, 7],
			"to": [6.7, 7, 9],
			"rotation": {"angle": 0, "axis": "y", "origin": [5.7, 6, 8]},
			"faces": {
				"north": {"uv": [12.94118, 5.64706, 13.29412, 5.76471], "texture": "#0"},
				"east": {"uv": [12.70588, 5.64706, 12.94118, 5.76471], "texture": "#0"},
				"south": {"uv": [13.52941, 5.64706, 13.88235, 5.76471], "texture": "#0"},
				"west": {"uv": [13.29412, 5.64706, 13.52941, 5.76471], "texture": "#0"},
				"up": {"uv": [13.29412, 5.64706, 12.94118, 5.41176], "texture": "#0"},
				"down": {"uv": [13.64706, 5.41176, 13.29412, 5.64706], "texture": "#0"}
			}
		},
		{
			"from": [8.2, 6.1, 7],
			"to": [9.2, 8.1, 9],
			"rotation": {"angle": 0, "axis": "y", "origin": [9.2, 6.1, 8]},
			"faces": {
				"north": {"uv": [10.82353, 11.76471, 10.94118, 12], "texture": "#0"},
				"east": {"uv": [10.58824, 11.76471, 10.82353, 12], "texture": "#0"},
				"south": {"uv": [11.17647, 11.76471, 11.29412, 12], "texture": "#0"},
				"west": {"uv": [10.94118, 11.76471, 11.17647, 12], "texture": "#0"},
				"up": {"uv": [10.94118, 11.76471, 10.82353, 11.52941], "texture": "#0"},
				"down": {"uv": [11.05882, 11.52941, 10.94118, 11.76471], "texture": "#0"}
			}
		},
		{
			"from": [6.2, 6, 7],
			"to": [9.2, 7, 9],
			"rotation": {"angle": 0, "axis": "y", "origin": [8.2, 6, 8]},
			"faces": {
				"north": {"uv": [12.94118, 9.41176, 13.29412, 9.52941], "texture": "#0"},
				"east": {"uv": [12.70588, 9.41176, 12.94118, 9.52941], "texture": "#0"},
				"south": {"uv": [13.52941, 9.41176, 13.88235, 9.52941], "texture": "#0"},
				"west": {"uv": [13.29412, 9.41176, 13.52941, 9.52941], "texture": "#0"},
				"up": {"uv": [13.29412, 9.41176, 12.94118, 9.17647], "texture": "#0"},
				"down": {"uv": [13.64706, 9.17647, 13.29412, 9.41176], "texture": "#0"}
			}
		},
		{
			"from": [11, 6.9, 7],
			"to": [12, 8.9, 9],
			"rotation": {"angle": 0, "axis": "y", "origin": [12, 6.9, 8]},
			"faces": {
				"north": {"uv": [8.94118, 12.94118, 9.05882, 13.17647], "texture": "#0"},
				"east": {"uv": [8.70588, 12.94118, 8.94118, 13.17647], "texture": "#0"},
				"south": {"uv": [9.29412, 12.94118, 9.41176, 13.17647], "texture": "#0"},
				"west": {"uv": [9.05882, 12.94118, 9.29412, 13.17647], "texture": "#0"},
				"up": {"uv": [9.05882, 12.94118, 8.94118, 12.70588], "texture": "#0"},
				"down": {"uv": [9.17647, 12.70588, 9.05882, 12.94118], "texture": "#0"}
			}
		},
		{
			"from": [9, 6, 7],
			"to": [12, 7, 9],
			"rotation": {"angle": 0, "axis": "y", "origin": [11, 6, 8]},
			"faces": {
				"north": {"uv": [12.94118, 9.76471, 13.29412, 9.88235], "texture": "#0"},
				"east": {"uv": [12.70588, 9.76471, 12.94118, 9.88235], "texture": "#0"},
				"south": {"uv": [13.52941, 9.76471, 13.88235, 9.88235], "texture": "#0"},
				"west": {"uv": [13.29412, 9.76471, 13.52941, 9.88235], "texture": "#0"},
				"up": {"uv": [13.29412, 9.76471, 12.94118, 9.52941], "texture": "#0"},
				"down": {"uv": [13.64706, 9.52941, 13.29412, 9.76471], "texture": "#0"}
			}
		},
		{
			"from": [12, 5, -2],
			"to": [25, 18, 18],
			"rotation": {"angle": 0, "axis": "y", "origin": [23, 17, 8]},
			"faces": {
				"north": {"uv": [2.35294, 8.23529, 3.88235, 9.76471], "texture": "#0"},
				"east": {"uv": [0, 8.23529, 2.35294, 9.76471], "texture": "#0"},
				"south": {"uv": [6.23529, 8.23529, 7.76471, 9.76471], "texture": "#0"},
				"west": {"uv": [3.88235, 8.23529, 6.23529, 9.76471], "texture": "#0"},
				"up": {"uv": [3.88235, 8.23529, 2.35294, 5.88235], "texture": "#0"},
				"down": {"uv": [5.41176, 5.88235, 3.88235, 8.23529], "texture": "#0"}
			}
		},
		{
			"from": [14, 17.6, 0],
			"to": [21, 21.6, 3],
			"rotation": {"angle": 0, "axis": "y", "origin": [15, 27.6, 1]},
			"faces": {
				"north": {"uv": [11.88235, 12.35294, 12.70588, 12.82353], "texture": "#0"},
				"east": {"uv": [11.52941, 12.35294, 11.88235, 12.82353], "texture": "#0"},
				"south": {"uv": [13.05882, 12.35294, 13.88235, 12.82353], "texture": "#0"},
				"west": {"uv": [12.70588, 12.35294, 13.05882, 12.82353], "texture": "#0"},
				"up": {"uv": [12.70588, 12.35294, 11.88235, 12], "texture": "#0"},
				"down": {"uv": [13.52941, 12, 12.70588, 12.35294], "texture": "#0"}
			}
		},
		{
			"from": [14, 17.5, 13],
			"to": [21, 21.5, 16],
			"rotation": {"angle": 0, "axis": "y", "origin": [15, 27.5, 14]},
			"faces": {
				"north": {"uv": [2.47059, 12.70588, 3.29412, 13.17647], "texture": "#0"},
				"east": {"uv": [2.11765, 12.70588, 2.47059, 13.17647], "texture": "#0"},
				"south": {"uv": [3.64706, 12.70588, 4.47059, 13.17647], "texture": "#0"},
				"west": {"uv": [3.29412, 12.70588, 3.64706, 13.17647], "texture": "#0"},
				"up": {"uv": [3.29412, 12.70588, 2.47059, 12.35294], "texture": "#0"},
				"down": {"uv": [4.11765, 12.35294, 3.29412, 12.70588], "texture": "#0"}
			}
		},
		{
			"from": [23, 4, 1],
			"to": [30, 6, 15],
			"rotation": {"angle": 0, "axis": "y", "origin": [26, 5, 2]},
			"faces": {
				"north": {"uv": [10.35294, 1.64706, 11.17647, 1.88235], "texture": "#0"},
				"east": {"uv": [8.70588, 1.64706, 10.35294, 1.88235], "texture": "#0"},
				"south": {"uv": [12.82353, 1.64706, 13.64706, 1.88235], "texture": "#0"},
				"west": {"uv": [11.17647, 1.64706, 12.82353, 1.88235], "texture": "#0"},
				"up": {"uv": [11.17647, 1.64706, 10.35294, 0], "texture": "#0"},
				"down": {"uv": [12, 0, 11.17647, 1.64706], "texture": "#0"}
			}
		},
		{
			"from": [23, 3.6, 1.5],
			"to": [30, 6.6, 14.5],
			"rotation": {"angle": 0, "axis": "y", "origin": [26, 5.6, 1.5]},
			"faces": {
				"north": {"uv": [10.47059, 3.41176, 11.29412, 3.76471], "texture": "#0"},
				"east": {"uv": [8.94118, 3.41176, 10.47059, 3.76471], "texture": "#0"},
				"south": {"uv": [12.82353, 3.41176, 13.64706, 3.76471], "texture": "#0"},
				"west": {"uv": [11.29412, 3.41176, 12.82353, 3.76471], "texture": "#0"},
				"up": {"uv": [11.29412, 3.41176, 10.47059, 1.88235], "texture": "#0"},
				"down": {"uv": [12.11765, 1.88235, 11.29412, 3.41176], "texture": "#0"}
			}
		},
		{
			"from": [25, 6, 0],
			"to": [31, 11, 16],
			"rotation": {"angle": 0, "axis": "y", "origin": [26, 9, 8]},
			"faces": {
				"north": {"uv": [9.64706, 7.76471, 10.35294, 8.35294], "texture": "#0"},
				"east": {"uv": [7.76471, 7.76471, 9.64706, 8.35294], "texture": "#0"},
				"south": {"uv": [12.23529, 7.76471, 12.94118, 8.35294], "texture": "#0"},
				"west": {"uv": [10.35294, 7.76471, 12.23529, 8.35294], "texture": "#0"},
				"up": {"uv": [10.35294, 7.76471, 9.64706, 5.88235], "texture": "#0"},
				"down": {"uv": [11.05882, 5.88235, 10.35294, 7.76471], "texture": "#0"}
			}
		},
		{
			"from": [24.7, 6.3, 0.4],
			"to": [30.7, 11.3, 15.4],
			"rotation": {"angle": 0, "axis": "y", "origin": [25.7, 9.3, 8.4]},
			"faces": {
				"north": {"uv": [9.52941, 10.11765, 10.23529, 10.70588], "texture": "#0"},
				"east": {"uv": [7.76471, 10.11765, 9.52941, 10.70588], "texture": "#0"},
				"south": {"uv": [12, 10.11765, 12.70588, 10.70588], "texture": "#0"},
				"west": {"uv": [10.23529, 10.11765, 12, 10.70588], "texture": "#0"},
				"up": {"uv": [10.23529, 10.11765, 9.52941, 8.35294], "texture": "#0"},
				"down": {"uv": [10.94118, 8.35294, 10.23529, 10.11765], "texture": "#0"}
			}
		},
		{
			"from": [-7, -1, 4],
			"to": [-5, 5, 12],
			"rotation": {"angle": 0, "axis": "y", "origin": [-9, 3, 8]},
			"faces": {
				"north": {"uv": [9.88235, 4.70588, 10.11765, 5.41176], "texture": "#0"},
				"east": {"uv": [8.94118, 4.70588, 9.88235, 5.41176], "texture": "#0"},
				"south": {"uv": [11.05882, 4.70588, 11.29412, 5.41176], "texture": "#0"},
				"west": {"uv": [10.11765, 4.70588, 11.05882, 5.41176], "texture": "#0"},
				"up": {"uv": [10.11765, 4.70588, 9.88235, 3.76471], "texture": "#0"},
				"down": {"uv": [10.35294, 3.76471, 10.11765, 4.70588], "texture": "#0"}
			}
		},
		{
			"from": [-9, -0.7, 4.8],
			"to": [-7, 4.3, 10.8],
			"rotation": {"angle": 0, "axis": "y", "origin": [-15, 2.3, 7.8]},
			"faces": {
				"north": {"uv": [5.17647, 13.05882, 5.41176, 13.64706], "texture": "#0"},
				"east": {"uv": [4.47059, 13.05882, 5.17647, 13.64706], "texture": "#0"},
				"south": {"uv": [6.11765, 13.05882, 6.35294, 13.64706], "texture": "#0"},
				"west": {"uv": [5.41176, 13.05882, 6.11765, 13.64706], "texture": "#0"},
				"up": {"uv": [5.41176, 13.05882, 5.17647, 12.35294], "texture": "#0"},
				"down": {"uv": [5.64706, 12.35294, 5.41176, 13.05882], "texture": "#0"}
			}
		},
		{
			"from": [-11, -0.4, 5.5],
			"to": [-9, 3.6, 9.5],
			"rotation": {"angle": 0, "axis": "y", "origin": [-21, 1.6, 7.5]},
			"faces": {
				"north": {"uv": [6.58824, 10.23529, 6.82353, 10.70588], "texture": "#0"},
				"east": {"uv": [6.11765, 10.23529, 6.58824, 10.70588], "texture": "#0"},
				"south": {"uv": [7.29412, 10.23529, 7.52941, 10.70588], "texture": "#0"},
				"west": {"uv": [6.82353, 10.23529, 7.29412, 10.70588], "texture": "#0"},
				"up": {"uv": [6.82353, 10.23529, 6.58824, 9.76471], "texture": "#0"},
				"down": {"uv": [7.05882, 9.76471, 6.82353, 10.23529], "texture": "#0"}
			}
		},
		{
			"from": [-13, -0.1, 6.1],
			"to": [-11, 2.9, 8.1],
			"rotation": {"angle": 0, "axis": "y", "origin": [-26, 0.9, 8.1]},
			"faces": {
				"north": {"uv": [12.94118, 10.11765, 13.17647, 10.47059], "texture": "#0"},
				"east": {"uv": [12.70588, 10.11765, 12.94118, 10.47059], "texture": "#0"},
				"south": {"uv": [13.41176, 10.11765, 13.64706, 10.47059], "texture": "#0"},
				"west": {"uv": [13.17647, 10.11765, 13.41176, 10.47059], "texture": "#0"},
				"up": {"uv": [13.17647, 10.11765, 12.94118, 9.88235], "texture": "#0"},
				"down": {"uv": [13.41176, 9.88235, 13.17647, 10.11765], "texture": "#0"}
			}
		},
		{
			"from": [-15, -0.1, 5.9],
			"to": [-13, 1.9, 7.9],
			"rotation": {"angle": 0, "axis": "y", "origin": [-28, -0.1, 7.9]},
			"faces": {
				"north": {"uv": [0.23529, 13.05882, 0.47059, 13.29412], "texture": "#0"},
				"east": {"uv": [0, 13.05882, 0.23529, 13.29412], "texture": "#0"},
				"south": {"uv": [0.70588, 13.05882, 0.94118, 13.29412], "texture": "#0"},
				"west": {"uv": [0.47059, 13.05882, 0.70588, 13.29412], "texture": "#0"},
				"up": {"uv": [0.47059, 13.05882, 0.23529, 12.82353], "texture": "#0"},
				"down": {"uv": [0.70588, 12.82353, 0.47059, 13.05882], "texture": "#0"}
			}
		},
		{
			"from": [-6, 5.5, 7],
			"to": [-5, 6.5, 9],
			"rotation": {"angle": 0, "axis": "y", "origin": [-5, 5.5, 8]},
			"faces": {
				"north": {"uv": [13.17647, 7.41176, 13.29412, 7.52941], "texture": "#0"},
				"east": {"uv": [12.94118, 7.41176, 13.17647, 7.52941], "texture": "#0"},
				"south": {"uv": [13.52941, 7.41176, 13.64706, 7.52941], "texture": "#0"},
				"west": {"uv": [13.29412, 7.41176, 13.52941, 7.52941], "texture": "#0"},
				"up": {"uv": [13.29412, 7.41176, 13.17647, 7.17647], "texture": "#0"},
				"down": {"uv": [13.41176, 7.17647, 13.29412, 7.41176], "texture": "#0"}
			}
		},
		{
			"from": [-7, 4.8, 7],
			"to": [-5, 5.8, 9],
			"rotation": {"angle": 0, "axis": "y", "origin": [-6, 4.8, 8]},
			"faces": {
				"north": {"uv": [6.58824, 12.58824, 6.82353, 12.70588], "texture": "#0"},
				"east": {"uv": [6.35294, 12.58824, 6.58824, 12.70588], "texture": "#0"},
				"south": {"uv": [7.05882, 12.58824, 7.29412, 12.70588], "texture": "#0"},
				"west": {"uv": [6.82353, 12.58824, 7.05882, 12.70588], "texture": "#0"},
				"up": {"uv": [6.82353, 12.58824, 6.58824, 12.35294], "texture": "#0"},
				"down": {"uv": [7.05882, 12.35294, 6.82353, 12.58824], "texture": "#0"}
			}
		},
		{
			"from": [-7.8, 4.3, 6.8],
			"to": [-6.8, 5.3, 8.8],
			"rotation": {"angle": 0, "axis": "y", "origin": [-6.8, 4.3, 7.8]},
			"faces": {
				"north": {"uv": [13.17647, 7.76471, 13.29412, 7.88235], "texture": "#0"},
				"east": {"uv": [12.94118, 7.76471, 13.17647, 7.88235], "texture": "#0"},
				"south": {"uv": [13.52941, 7.76471, 13.64706, 7.88235], "texture": "#0"},
				"west": {"uv": [13.29412, 7.76471, 13.52941, 7.88235], "texture": "#0"},
				"up": {"uv": [13.29412, 7.76471, 13.17647, 7.52941], "texture": "#0"},
				"down": {"uv": [13.41176, 7.52941, 13.29412, 7.76471], "texture": "#0"}
			}
		},
		{
			"from": [-9, 3.7, 6.8],
			"to": [-7, 4.7, 8.8],
			"rotation": {"angle": 0, "axis": "y", "origin": [-8, 3.7, 7.8]},
			"faces": {
				"north": {"uv": [1.17647, 13.05882, 1.41176, 13.17647], "texture": "#0"},
				"east": {"uv": [0.94118, 13.05882, 1.17647, 13.17647], "texture": "#0"},
				"south": {"uv": [1.64706, 13.05882, 1.88235, 13.17647], "texture": "#0"},
				"west": {"uv": [1.41176, 13.05882, 1.64706, 13.17647], "texture": "#0"},
				"up": {"uv": [1.41176, 13.05882, 1.17647, 12.82353], "texture": "#0"},
				"down": {"uv": [1.64706, 12.82353, 1.41176, 13.05882], "texture": "#0"}
			}
		},
		{
			"from": [-9.8, 3.3, 6.6],
			"to": [-8.8, 4.3, 8.6],
			"rotation": {"angle": 0, "axis": "y", "origin": [-8.8, 3.3, 7.6]},
			"faces": {
				"north": {"uv": [13.17647, 8.11765, 13.29412, 8.23529], "texture": "#0"},
				"east": {"uv": [12.94118, 8.11765, 13.17647, 8.23529], "texture": "#0"},
				"south": {"uv": [13.52941, 8.11765, 13.64706, 8.23529], "texture": "#0"},
				"west": {"uv": [13.29412, 8.11765, 13.52941, 8.23529], "texture": "#0"},
				"up": {"uv": [13.29412, 8.11765, 13.17647, 7.88235], "texture": "#0"},
				"down": {"uv": [13.41176, 7.88235, 13.29412, 8.11765], "texture": "#0"}
			}
		},
		{
			"from": [-11, 2.9, 6.6],
			"to": [-9, 3.9, 8.6],
			"rotation": {"angle": 0, "axis": "y", "origin": [-10, 2.9, 7.6]},
			"faces": {
				"north": {"uv": [11.76471, 13.05882, 12, 13.17647], "texture": "#0"},
				"east": {"uv": [11.52941, 13.05882, 11.76471, 13.17647], "texture": "#0"},
				"south": {"uv": [12.23529, 13.05882, 12.47059, 13.17647], "texture": "#0"},
				"west": {"uv": [12, 13.05882, 12.23529, 13.17647], "texture": "#0"},
				"up": {"uv": [12, 13.05882, 11.76471, 12.82353], "texture": "#0"},
				"down": {"uv": [12.23529, 12.82353, 12, 13.05882], "texture": "#0"}
			}
		},
		{
			"from": [-11.8, 2.6, 6.3],
			"to": [-10.8, 3.6, 7.3],
			"rotation": {"angle": 0, "axis": "y", "origin": [-10.8, 2.6, 7.3]},
			"faces": {
				"north": {"uv": [1.76471, 13.29412, 1.88235, 13.41176], "texture": "#0"},
				"east": {"uv": [1.64706, 13.29412, 1.76471, 13.41176], "texture": "#0"},
				"south": {"uv": [2, 13.29412, 2.11765, 13.41176], "texture": "#0"},
				"west": {"uv": [1.88235, 13.29412, 2, 13.41176], "texture": "#0"},
				"up": {"uv": [1.88235, 13.29412, 1.76471, 13.17647], "texture": "#0"},
				"down": {"uv": [2, 13.17647, 1.88235, 13.29412], "texture": "#0"}
			}
		},
		{
			"from": [-13, 2.2, 6.3],
			"to": [-11, 3.2, 7.3],
			"rotation": {"angle": 0, "axis": "y", "origin": [-12, 2.2, 7.3]},
			"faces": {
				"north": {"uv": [12.82353, 10.58824, 13.05882, 10.70588], "texture": "#0"},
				"east": {"uv": [12.70588, 10.58824, 12.82353, 10.70588], "texture": "#0"},
				"south": {"uv": [13.17647, 10.58824, 13.41176, 10.70588], "texture": "#0"},
				"west": {"uv": [13.05882, 10.58824, 13.17647, 10.70588], "texture": "#0"},
				"up": {"uv": [13.05882, 10.58824, 12.82353, 10.47059], "texture": "#0"},
				"down": {"uv": [13.29412, 10.47059, 13.05882, 10.58824], "texture": "#0"}
			}
		},
		{
			"from": [-13.8, 1.9, 6.2],
			"to": [-12.8, 2.9, 7.2],
			"rotation": {"angle": 0, "axis": "y", "origin": [-12.8, 1.9, 7.2]},
			"faces": {
				"north": {"uv": [2.23529, 13.29412, 2.35294, 13.41176], "texture": "#0"},
				"east": {"uv": [2.11765, 13.29412, 2.23529, 13.41176], "texture": "#0"},
				"south": {"uv": [2.47059, 13.29412, 2.58824, 13.41176], "texture": "#0"},
				"west": {"uv": [2.35294, 13.29412, 2.47059, 13.41176], "texture": "#0"},
				"up": {"uv": [2.35294, 13.29412, 2.23529, 13.17647], "texture": "#0"},
				"down": {"uv": [2.47059, 13.17647, 2.35294, 13.29412], "texture": "#0"}
			}
		},
		{
			"from": [-15, 1.3, 6.2],
			"to": [-13, 2.3, 7.2],
			"rotation": {"angle": 0, "axis": "y", "origin": [-14, 1.3, 7.2]},
			"faces": {
				"north": {"uv": [1.05882, 13.29412, 1.29412, 13.41176], "texture": "#0"},
				"east": {"uv": [0.94118, 13.29412, 1.05882, 13.41176], "texture": "#0"},
				"south": {"uv": [1.41176, 13.29412, 1.64706, 13.41176], "texture": "#0"},
				"west": {"uv": [1.29412, 13.29412, 1.41176, 13.41176], "texture": "#0"},
				"up": {"uv": [1.29412, 13.29412, 1.05882, 13.17647], "texture": "#0"},
				"down": {"uv": [1.52941, 13.17647, 1.29412, 13.29412], "texture": "#0"}
			}
		},
		{
			"from": [3, 4.8, -0.4],
			"to": [9, 7.8, 3.6],
			"rotation": {"angle": 0, "axis": "y", "origin": [8, 5.8, 0.6]},
			"faces": {
				"north": {"uv": [6.82353, 13.17647, 7.52941, 13.52941], "texture": "#0"},
				"east": {"uv": [6.35294, 13.17647, 6.82353, 13.52941], "texture": "#0"},
				"south": {"uv": [8, 13.17647, 8.70588, 13.52941], "texture": "#0"},
				"west": {"uv": [7.52941, 13.17647, 8, 13.52941], "texture": "#0"},
				"up": {"uv": [7.52941, 13.17647, 6.82353, 12.70588], "texture": "#0"},
				"down": {"uv": [8.23529, 12.70588, 7.52941, 13.17647], "texture": "#0"}
			}
		},
		{
			"from": [1, 7.3, -1.6],
			"to": [7, 9.3, 3.4],
			"rotation": {"angle": 0, "axis": "y", "origin": [6, 7.3, 0.4]},
			"faces": {
				"north": {"uv": [2.70588, 12.11765, 3.41176, 12.35294], "texture": "#0"},
				"east": {"uv": [2.11765, 12.11765, 2.70588, 12.35294], "texture": "#0"},
				"south": {"uv": [4, 12.11765, 4.70588, 12.35294], "texture": "#0"},
				"west": {"uv": [3.41176, 12.11765, 4, 12.35294], "texture": "#0"},
				"up": {"uv": [3.41176, 12.11765, 2.70588, 11.52941], "texture": "#0"},
				"down": {"uv": [4.11765, 11.52941, 3.41176, 12.11765], "texture": "#0"}
			}
		},
		{
			"from": [-1, 9.3, -2.9],
			"to": [5, 10.3, 3.1],
			"rotation": {"angle": 0, "axis": "y", "origin": [4, 9.3, 0.1]},
			"faces": {
				"north": {"uv": [12, 4.47059, 12.70588, 4.58824], "texture": "#0"},
				"east": {"uv": [11.29412, 4.47059, 12, 4.58824], "texture": "#0"},
				"south": {"uv": [13.41176, 4.47059, 14.11765, 4.58824], "texture": "#0"},
				"west": {"uv": [12.70588, 4.47059, 13.41176, 4.58824], "texture": "#0"},
				"up": {"uv": [12.70588, 4.47059, 12, 3.76471], "texture": "#0"},
				"down": {"uv": [13.41176, 3.76471, 12.70588, 4.47059], "texture": "#0"}
			}
		},
		{
			"from": [-1, 10.3, -3.9],
			"to": [5, 11.3, 3.1],
			"rotation": {"angle": 0, "axis": "y", "origin": [4, 10.3, 0.1]},
			"faces": {
				"north": {"uv": [0.82353, 10.58824, 1.52941, 10.70588], "texture": "#0"},
				"east": {"uv": [0, 10.58824, 0.82353, 10.70588], "texture": "#0"},
				"south": {"uv": [2.35294, 10.58824, 3.05882, 10.70588], "texture": "#0"},
				"west": {"uv": [1.52941, 10.58824, 2.35294, 10.70588], "texture": "#0"},
				"up": {"uv": [1.52941, 10.58824, 0.82353, 9.76471], "texture": "#0"},
				"down": {"uv": [2.23529, 9.76471, 1.52941, 10.58824], "texture": "#0"}
			}
		},
		{
			"from": [3, 11.4, 0],
			"to": [5, 13.4, 2],
			"rotation": {"angle": 0, "axis": "y", "origin": [3, 11.4, 0]},
			"faces": {
				"north": {"uv": [8.70588, 1.88235, 8.94118, 2.11765], "texture": "#0"},
				"east": {"uv": [8.70588, 2.11765, 8.94118, 2.35294], "texture": "#0"},
				"south": {"uv": [8.70588, 2.35294, 8.94118, 2.58824], "texture": "#0"},
				"west": {"uv": [8.70588, 2.58824, 8.94118, 2.82353], "texture": "#0"},
				"up": {"uv": [8.94118, 3.05882, 8.70588, 2.82353], "texture": "#0"},
				"down": {"uv": [7.76471, 9.76471, 7.52941, 10], "texture": "#0"}
			}
		},
		{
			"from": [3, 13.3, -0.8],
			"to": [5, 15.3, 1.2],
			"rotation": {"angle": 0, "axis": "y", "origin": [3, 13.3, -0.8]},
			"faces": {
				"north": {"uv": [7.52941, 10, 7.76471, 10.23529], "texture": "#0"},
				"east": {"uv": [7.52941, 10.23529, 7.76471, 10.47059], "texture": "#0"},
				"south": {"uv": [7.52941, 10.47059, 7.76471, 10.70588], "texture": "#0"},
				"west": {"uv": [1.88235, 12.82353, 2.11765, 13.05882], "texture": "#0"},
				"up": {"uv": [14.11765, 5.64706, 13.88235, 5.41176], "texture": "#0"},
				"down": {"uv": [9.29412, 14.94118, 9.05882, 15.17647], "texture": "#0"}
			}
		},
		{
			"from": [2, 14.9, -1],
			"to": [4, 16.9, 1],
			"rotation": {"angle": 0, "axis": "y", "origin": [2, 14.9, -1]},
			"faces": {
				"north": {"uv": [2.35294, 15.05882, 2.58824, 15.29412], "texture": "#0"},
				"east": {"uv": [8.35294, 15.05882, 8.58824, 15.29412], "texture": "#0"},
				"south": {"uv": [15.05882, 8.47059, 15.29412, 8.70588], "texture": "#0"},
				"west": {"uv": [15.05882, 8.70588, 15.29412, 8.94118], "texture": "#0"},
				"up": {"uv": [15.29412, 9.17647, 15.05882, 8.94118], "texture": "#0"},
				"down": {"uv": [9.52941, 15.05882, 9.29412, 15.29412], "texture": "#0"}
			}
		},
		{
			"from": [1, 15.8, -2.6],
			"to": [3, 17.8, -0.6],
			"rotation": {"angle": 0, "axis": "y", "origin": [1, 15.8, -2.6]},
			"faces": {
				"north": {"uv": [9.52941, 15.05882, 9.76471, 15.29412], "texture": "#0"},
				"east": {"uv": [9.76471, 15.05882, 10, 15.29412], "texture": "#0"},
				"south": {"uv": [10, 15.05882, 10.23529, 15.29412], "texture": "#0"},
				"west": {"uv": [10.23529, 15.05882, 10.47059, 15.29412], "texture": "#0"},
				"up": {"uv": [10.70588, 15.29412, 10.47059, 15.05882], "texture": "#0"},
				"down": {"uv": [10.94118, 15.05882, 10.70588, 15.29412], "texture": "#0"}
			}
		},
		{
			"from": [-0.3, 16.3, -4.5],
			"to": [1.7, 18.3, -2.5],
			"rotation": {"angle": 0, "axis": "y", "origin": [-0.3, 16.3, -4.5]},
			"faces": {
				"north": {"uv": [10.94118, 15.05882, 11.17647, 15.29412], "texture": "#0"},
				"east": {"uv": [11.17647, 15.05882, 11.41176, 15.29412], "texture": "#0"},
				"south": {"uv": [11.41176, 15.05882, 11.64706, 15.29412], "texture": "#0"},
				"west": {"uv": [11.64706, 15.05882, 11.88235, 15.29412], "texture": "#0"},
				"up": {"uv": [12.11765, 15.29412, 11.88235, 15.05882], "texture": "#0"},
				"down": {"uv": [12.35294, 15.05882, 12.11765, 15.29412], "texture": "#0"}
			}
		},
		{
			"from": [-1.3, 16.9, -6.6],
			"to": [0.7, 18.9, -4.6],
			"rotation": {"angle": 0, "axis": "y", "origin": [-1.3, 16.9, -6.6]},
			"faces": {
				"north": {"uv": [12.35294, 15.05882, 12.58824, 15.29412], "texture": "#0"},
				"east": {"uv": [12.58824, 15.05882, 12.82353, 15.29412], "texture": "#0"},
				"south": {"uv": [12.82353, 15.05882, 13.05882, 15.29412], "texture": "#0"},
				"west": {"uv": [13.05882, 15.05882, 13.29412, 15.29412], "texture": "#0"},
				"up": {"uv": [13.52941, 15.29412, 13.29412, 15.05882], "texture": "#0"},
				"down": {"uv": [13.76471, 15.05882, 13.52941, 15.29412], "texture": "#0"}
			}
		},
		{
			"from": [-3.3, 17.4, -8],
			"to": [-1.3, 19.4, -6],
			"rotation": {"angle": 0, "axis": "y", "origin": [-3.3, 17.4, -8]},
			"faces": {
				"north": {"uv": [13.76471, 15.05882, 14, 15.29412], "texture": "#0"},
				"east": {"uv": [14, 15.05882, 14.23529, 15.29412], "texture": "#0"},
				"south": {"uv": [14.23529, 15.05882, 14.47059, 15.29412], "texture": "#0"},
				"west": {"uv": [14.47059, 15.05882, 14.70588, 15.29412], "texture": "#0"},
				"up": {"uv": [14.94118, 15.29412, 14.70588, 15.05882], "texture": "#0"},
				"down": {"uv": [15.17647, 15.05882, 14.94118, 15.29412], "texture": "#0"}
			}
		},
		{
			"from": [-4.3, 17.4, -9],
			"to": [-2.3, 19.4, -7],
			"rotation": {"angle": 0, "axis": "y", "origin": [-4.3, 17.4, -9]},
			"faces": {
				"north": {"uv": [0, 15.17647, 0.23529, 15.41176], "texture": "#0"},
				"east": {"uv": [0.23529, 15.17647, 0.47059, 15.41176], "texture": "#0"},
				"south": {"uv": [0.47059, 15.17647, 0.70588, 15.41176], "texture": "#0"},
				"west": {"uv": [0.70588, 15.17647, 0.94118, 15.41176], "texture": "#0"},
				"up": {"uv": [1.17647, 15.41176, 0.94118, 15.17647], "texture": "#0"},
				"down": {"uv": [1.41176, 15.17647, 1.17647, 15.41176], "texture": "#0"}
			}
		},
		{
			"from": [-5.3, 17.4, -10],
			"to": [-3.3, 19.4, -8],
			"rotation": {"angle": 0, "axis": "y", "origin": [-5.3, 17.4, -10]},
			"faces": {
				"north": {"uv": [2.58824, 15.17647, 2.82353, 15.41176], "texture": "#0"},
				"east": {"uv": [2.82353, 15.17647, 3.05882, 15.41176], "texture": "#0"},
				"south": {"uv": [3.05882, 15.17647, 3.29412, 15.41176], "texture": "#0"},
				"west": {"uv": [3.29412, 15.17647, 3.52941, 15.41176], "texture": "#0"},
				"up": {"uv": [3.76471, 15.41176, 3.52941, 15.17647], "texture": "#0"},
				"down": {"uv": [4, 15.17647, 3.76471, 15.41176], "texture": "#0"}
			}
		},
		{
			"from": [-4.8, 11.8, -6],
			"to": [4.2, 14.8, 1],
			"rotation": {"angle": 0, "axis": "y", "origin": [2.2, 11.8, 0]},
			"faces": {
				"north": {"uv": [5.64706, 14.23529, 6.70588, 14.58824], "texture": "#0"},
				"east": {"uv": [0.94118, 14.58824, 1.76471, 14.94118], "texture": "#0"},
				"south": {"uv": [6.70588, 14.23529, 7.76471, 14.58824], "texture": "#0"},
				"west": {"uv": [14.58824, 1.29412, 15.41176, 1.64706], "texture": "#0"},
				"up": {"uv": [3.64706, 14, 2.58824, 13.17647], "texture": "#0"},
				"down": {"uv": [9.76471, 13.17647, 8.70588, 14], "texture": "#0"}
			}
		},
		{
			"from": [-4.8, 13.8, -7],
			"to": [3.2, 16.8, 0],
			"rotation": {"angle": 0, "axis": "y", "origin": [1.2, 13.8, -1]},
			"faces": {
				"north": {"uv": [0.94118, 14.23529, 1.88235, 14.58824], "texture": "#0"},
				"east": {"uv": [14.58824, 1.64706, 15.41176, 2], "texture": "#0"},
				"south": {"uv": [14.35294, 10.70588, 15.29412, 11.05882], "texture": "#0"},
				"west": {"uv": [14.58824, 2, 15.41176, 2.35294], "texture": "#0"},
				"up": {"uv": [12.82353, 14, 11.88235, 13.17647], "texture": "#0"},
				"down": {"uv": [13.76471, 13.17647, 12.82353, 14], "texture": "#0"}
			}
		},
		{
			"from": [-5.8, 14.8, -7],
			"to": [2.2, 17.8, -1],
			"rotation": {"angle": 0, "axis": "y", "origin": [0.2, 14.8, -1]},
			"faces": {
				"north": {"uv": [14.35294, 11.05882, 15.29412, 11.41176], "texture": "#0"},
				"east": {"uv": [5.29412, 14.58824, 6, 14.94118], "texture": "#0"},
				"south": {"uv": [14.35294, 11.41176, 15.29412, 11.76471], "texture": "#0"},
				"west": {"uv": [6, 14.58824, 6.70588, 14.94118], "texture": "#0"},
				"up": {"uv": [14.35294, 11.17647, 13.41176, 10.47059], "texture": "#0"},
				"down": {"uv": [14.35294, 11.17647, 13.41176, 11.88235], "texture": "#0"}
			}
		},
		{
			"from": [-7.1, 15.2, -8],
			"to": [0.9, 18.2, -4],
			"rotation": {"angle": 0, "axis": "y", "origin": [-1.1, 15.2, -4]},
			"faces": {
				"north": {"uv": [1.88235, 14.47059, 2.82353, 14.82353], "texture": "#0"},
				"east": {"uv": [13.17647, 12.82353, 13.64706, 13.17647], "texture": "#0"},
				"south": {"uv": [7.76471, 14.47059, 8.70588, 14.82353], "texture": "#0"},
				"west": {"uv": [8.23529, 13.52941, 8.70588, 13.88235], "texture": "#0"},
				"up": {"uv": [14.70588, 14.23529, 13.76471, 13.76471], "texture": "#0"},
				"down": {"uv": [14.82353, 9.17647, 13.88235, 9.64706], "texture": "#0"}
			}
		},
		{
			"from": [-8.1, 16.4, -9.4],
			"to": [0.9, 18.4, -5.4],
			"rotation": {"angle": 0, "axis": "y", "origin": [-1.1, 16.4, -5.4]},
			"faces": {
				"north": {"uv": [13.64706, 8.11765, 14.70588, 8.35294], "texture": "#0"},
				"east": {"uv": [5.76471, 14, 6.23529, 14.23529], "texture": "#0"},
				"south": {"uv": [13.88235, 9.64706, 14.94118, 9.88235], "texture": "#0"},
				"west": {"uv": [7.76471, 14.23529, 8.23529, 14.47059], "texture": "#0"},
				"up": {"uv": [14.70588, 3.29412, 13.64706, 2.82353], "texture": "#0"},
				"down": {"uv": [14.70588, 3.29412, 13.64706, 3.76471], "texture": "#0"}
			}
		},
		{
			"from": [-8.2, 16.4, -9.4],
			"to": [-0.2, 18.4, -5.4],
			"rotation": {"angle": 0, "axis": "y", "origin": [-2.2, 16.4, -5.4]},
			"faces": {
				"north": {"uv": [14.70588, 7.05882, 15.64706, 7.29412], "texture": "#0"},
				"east": {"uv": [14.35294, 14.82353, 14.82353, 15.05882], "texture": "#0"},
				"south": {"uv": [14.70588, 7.29412, 15.64706, 7.52941], "texture": "#0"},
				"west": {"uv": [14.82353, 14.82353, 15.29412, 15.05882], "texture": "#0"},
				"up": {"uv": [14.82353, 12.35294, 13.88235, 11.88235], "texture": "#0"},
				"down": {"uv": [14.82353, 12.35294, 13.88235, 12.82353], "texture": "#0"}
			}
		},
		{
			"from": [-5.4, 12.9, -4.3],
			"to": [0.6, 14.9, -0.3],
			"rotation": {"angle": 0, "axis": "y", "origin": [-1.4, 12.9, -0.3]},
			"faces": {
				"north": {"uv": [14.82353, 12.23529, 15.52941, 12.47059], "texture": "#0"},
				"east": {"uv": [0, 14.94118, 0.47059, 15.17647], "texture": "#0"},
				"south": {"uv": [14.82353, 12.47059, 15.52941, 12.70588], "texture": "#0"},
				"west": {"uv": [0.47059, 14.94118, 0.94118, 15.17647], "texture": "#0"},
				"up": {"uv": [2.58824, 13.88235, 1.88235, 13.41176], "texture": "#0"},
				"down": {"uv": [9.41176, 14.47059, 8.70588, 14.94118], "texture": "#0"}
			}
		},
		{
			"from": [-6.4, 13.9, -6],
			"to": [0.6, 15.9, -2],
			"rotation": {"angle": 0, "axis": "y", "origin": [-1.4, 13.9, -2]},
			"faces": {
				"north": {"uv": [11.29412, 14.82353, 12.11765, 15.05882], "texture": "#0"},
				"east": {"uv": [0.94118, 14.94118, 1.41176, 15.17647], "texture": "#0"},
				"south": {"uv": [14.82353, 11.76471, 15.64706, 12], "texture": "#0"},
				"west": {"uv": [2.70588, 14.94118, 3.17647, 15.17647], "texture": "#0"},
				"up": {"uv": [4.47059, 13.64706, 3.64706, 13.17647], "texture": "#0"},
				"down": {"uv": [13.76471, 14, 12.94118, 14.47059], "texture": "#0"}
			}
		},
		{
			"from": [-8.5, 14.7, -7.5],
			"to": [-0.5, 16.7, -3.5],
			"rotation": {"angle": 0, "axis": "y", "origin": [-2.5, 14.7, -3.5]},
			"faces": {
				"north": {"uv": [14.70588, 7.52941, 15.64706, 7.76471], "texture": "#0"},
				"east": {"uv": [3.17647, 14.94118, 3.64706, 15.17647], "texture": "#0"},
				"south": {"uv": [14.70588, 7.76471, 15.64706, 8], "texture": "#0"},
				"west": {"uv": [3.64706, 14.94118, 4.11765, 15.17647], "texture": "#0"},
				"up": {"uv": [2.82353, 14.47059, 1.88235, 14], "texture": "#0"},
				"down": {"uv": [9.17647, 14, 8.23529, 14.47059], "texture": "#0"}
			}
		},
		{
			"from": [-8.5, 15.9, -8.7],
			"to": [-0.5, 17.9, -4.7],
			"rotation": {"angle": 0, "axis": "y", "origin": [-2.5, 15.9, -4.7]},
			"faces": {
				"north": {"uv": [14.70588, 8, 15.64706, 8.23529], "texture": "#0"},
				"east": {"uv": [4.11765, 14.94118, 4.58824, 15.17647], "texture": "#0"},
				"south": {"uv": [14.70588, 9.88235, 15.64706, 10.11765], "texture": "#0"},
				"west": {"uv": [4.58824, 14.94118, 5.05882, 15.17647], "texture": "#0"},
				"up": {"uv": [10.11765, 14.47059, 9.17647, 14], "texture": "#0"},
				"down": {"uv": [11.05882, 14, 10.11765, 14.47059], "texture": "#0"}
			}
		},
		{
			"from": [-10.1, 16.9, -10.3],
			"to": [-1.1, 18.9, -6.3],
			"rotation": {"angle": 0, "axis": "y", "origin": [-3.1, 16.9, -6.3]},
			"faces": {
				"north": {"uv": [6.70588, 14.58824, 7.76471, 14.82353], "texture": "#0"},
				"east": {"uv": [14.94118, 4.70588, 15.41176, 4.94118], "texture": "#0"},
				"south": {"uv": [13.17647, 14.58824, 14.23529, 14.82353], "texture": "#0"},
				"west": {"uv": [14.94118, 4.94118, 15.41176, 5.17647], "texture": "#0"},
				"up": {"uv": [4.70588, 14.11765, 3.64706, 13.64706], "texture": "#0"},
				"down": {"uv": [5.76471, 13.64706, 4.70588, 14.11765], "texture": "#0"}
			}
		},
		{
			"from": [-9.5, 16.4, -9.9],
			"to": [-0.5, 18.4, -5.9],
			"rotation": {"angle": 0, "axis": "y", "origin": [-2.5, 16.4, -5.9]},
			"faces": {
				"north": {"uv": [14.23529, 14.58824, 15.29412, 14.82353], "texture": "#0"},
				"east": {"uv": [5.05882, 14.94118, 5.52941, 15.17647], "texture": "#0"},
				"south": {"uv": [14.70588, 2.70588, 15.76471, 2.94118], "texture": "#0"},
				"west": {"uv": [14.94118, 5.17647, 15.41176, 5.41176], "texture": "#0"},
				"up": {"uv": [14.70588, 6.23529, 13.64706, 5.76471], "texture": "#0"},
				"down": {"uv": [14.70588, 6.23529, 13.64706, 6.70588], "texture": "#0"}
			}
		},
		{
			"from": [-3.3, 11, -5],
			"to": [4.7, 13, 1],
			"rotation": {"angle": 0, "axis": "y", "origin": [2.7, 11, -1]},
			"faces": {
				"north": {"uv": [14.70588, 10.11765, 15.64706, 10.35294], "texture": "#0"},
				"east": {"uv": [14.82353, 12.70588, 15.52941, 12.94118], "texture": "#0"},
				"south": {"uv": [14.70588, 13.76471, 15.64706, 14], "texture": "#0"},
				"west": {"uv": [12.94118, 14.82353, 13.64706, 15.05882], "texture": "#0"},
				"up": {"uv": [7.29412, 14.23529, 6.35294, 13.52941], "texture": "#0"},
				"down": {"uv": [8.23529, 13.52941, 7.29412, 14.23529], "texture": "#0"}
			}
		},
		{
			"from": [3, 4.7, 12.5],
			"to": [9, 7.7, 16.5],
			"rotation": {"angle": 0, "axis": "y", "origin": [8, 5.7, 15.5]},
			"faces": {
				"north": {"uv": [13.17647, 8.82353, 13.88235, 9.17647], "texture": "#0"},
				"east": {"uv": [12.70588, 8.82353, 13.17647, 9.17647], "texture": "#0"},
				"south": {"uv": [14.35294, 8.82353, 15.05882, 9.17647], "texture": "#0"},
				"west": {"uv": [13.88235, 8.82353, 14.35294, 9.17647], "texture": "#0"},
				"up": {"uv": [13.88235, 8.82353, 13.17647, 8.35294], "texture": "#0"},
				"down": {"uv": [14.58824, 8.35294, 13.88235, 8.82353], "texture": "#0"}
			}
		},
		{
			"from": [1, 7.2, 12.7],
			"to": [7, 9.2, 17.7],
			"rotation": {"angle": 0, "axis": "y", "origin": [6, 7.2, 15.7]},
			"faces": {
				"north": {"uv": [5.29412, 12.11765, 6, 12.35294], "texture": "#0"},
				"east": {"uv": [4.70588, 12.11765, 5.29412, 12.35294], "texture": "#0"},
				"south": {"uv": [6.58824, 12.11765, 7.29412, 12.35294], "texture": "#0"},
				"west": {"uv": [6, 12.11765, 6.58824, 12.35294], "texture": "#0"},
				"up": {"uv": [6, 12.11765, 5.29412, 11.52941], "texture": "#0"},
				"down": {"uv": [6.70588, 11.52941, 6, 12.11765], "texture": "#0"}
			}
		},
		{
			"from": [-1, 9.2, 13],
			"to": [5, 10.2, 19],
			"rotation": {"angle": 0, "axis": "y", "origin": [4, 9.2, 16]},
			"faces": {
				"north": {"uv": [12, 5.29412, 12.70588, 5.41176], "texture": "#0"},
				"east": {"uv": [11.29412, 5.29412, 12, 5.41176], "texture": "#0"},
				"south": {"uv": [13.41176, 5.29412, 14.11765, 5.41176], "texture": "#0"},
				"west": {"uv": [12.70588, 5.29412, 13.41176, 5.41176], "texture": "#0"},
				"up": {"uv": [12.70588, 5.29412, 12, 4.58824], "texture": "#0"},
				"down": {"uv": [13.41176, 4.58824, 12.70588, 5.29412], "texture": "#0"}
			}
		},
		{
			"from": [-1, 10.2, 13],
			"to": [5, 11.2, 20],
			"rotation": {"angle": 0, "axis": "y", "origin": [4, 10.2, 16]},
			"faces": {
				"north": {"uv": [3.88235, 10.58824, 4.58824, 10.70588], "texture": "#0"},
				"east": {"uv": [3.05882, 10.58824, 3.88235, 10.70588], "texture": "#0"},
				"south": {"uv": [5.41176, 10.58824, 6.11765, 10.70588], "texture": "#0"},
				"west": {"uv": [4.58824, 10.58824, 5.41176, 10.70588], "texture": "#0"},
				"up": {"uv": [4.58824, 10.58824, 3.88235, 9.76471], "texture": "#0"},
				"down": {"uv": [5.29412, 9.76471, 4.58824, 10.58824], "texture": "#0"}
			}
		},
		{
			"from": [3, 11.3, 14.1],
			"to": [5, 13.3, 16.1],
			"rotation": {"angle": 0, "axis": "y", "origin": [3, 11.3, 16.1]},
			"faces": {
				"north": {"uv": [4, 15.17647, 4.23529, 15.41176], "texture": "#0"},
				"east": {"uv": [4.23529, 15.17647, 4.47059, 15.41176], "texture": "#0"},
				"south": {"uv": [4.47059, 15.17647, 4.70588, 15.41176], "texture": "#0"},
				"west": {"uv": [4.70588, 15.17647, 4.94118, 15.41176], "texture": "#0"},
				"up": {"uv": [5.17647, 15.41176, 4.94118, 15.17647], "texture": "#0"},
				"down": {"uv": [5.41176, 15.17647, 5.17647, 15.41176], "texture": "#0"}
			}
		},
		{
			"from": [3, 13.2, 14.9],
			"to": [5, 15.2, 16.9],
			"rotation": {"angle": 0, "axis": "y", "origin": [3, 13.2, 16.9]},
			"faces": {
				"north": {"uv": [5.41176, 15.17647, 5.64706, 15.41176], "texture": "#0"},
				"east": {"uv": [5.64706, 15.17647, 5.88235, 15.41176], "texture": "#0"},
				"south": {"uv": [5.88235, 15.17647, 6.11765, 15.41176], "texture": "#0"},
				"west": {"uv": [6.11765, 15.17647, 6.35294, 15.41176], "texture": "#0"},
				"up": {"uv": [8.82353, 15.41176, 8.58824, 15.17647], "texture": "#0"},
				"down": {"uv": [9.05882, 15.17647, 8.82353, 15.41176], "texture": "#0"}
			}
		},
		{
			"from": [2, 14.8, 15.1],
			"to": [4, 16.8, 17.1],
			"rotation": {"angle": 0, "axis": "y", "origin": [2, 14.8, 17.1]},
			"faces": {
				"north": {"uv": [9.05882, 15.17647, 9.29412, 15.41176], "texture": "#0"},
				"east": {"uv": [15.17647, 15.05882, 15.41176, 15.29412], "texture": "#0"},
				"south": {"uv": [15.29412, 0.35294, 15.52941, 0.58824], "texture": "#0"},
				"west": {"uv": [15.29412, 0.58824, 15.52941, 0.82353], "texture": "#0"},
				"up": {"uv": [15.52941, 1.05882, 15.29412, 0.82353], "texture": "#0"},
				"down": {"uv": [15.52941, 1.05882, 15.29412, 1.29412], "texture": "#0"}
			}
		},
		{
			"from": [1, 15.7, 16.7],
			"to": [3, 17.7, 18.7],
			"rotation": {"angle": 0, "axis": "y", "origin": [1, 15.7, 18.7]},
			"faces": {
				"north": {"uv": [1.41176, 15.29412, 1.64706, 15.52941], "texture": "#0"},
				"east": {"uv": [1.64706, 15.29412, 1.88235, 15.52941], "texture": "#0"},
				"south": {"uv": [1.88235, 15.29412, 2.11765, 15.52941], "texture": "#0"},
				"west": {"uv": [2.11765, 15.29412, 2.35294, 15.52941], "texture": "#0"},
				"up": {"uv": [2.58824, 15.52941, 2.35294, 15.29412], "texture": "#0"},
				"down": {"uv": [6.58824, 15.29412, 6.35294, 15.52941], "texture": "#0"}
			}
		},
		{
			"from": [-0.3, 16.2, 18.6],
			"to": [1.7, 18.2, 20.6],
			"rotation": {"angle": 0, "axis": "y", "origin": [-0.3, 16.2, 20.6]},
			"faces": {
				"north": {"uv": [6.58824, 15.29412, 6.82353, 15.52941], "texture": "#0"},
				"east": {"uv": [6.82353, 15.29412, 7.05882, 15.52941], "texture": "#0"},
				"south": {"uv": [7.05882, 15.29412, 7.29412, 15.52941], "texture": "#0"},
				"west": {"uv": [7.29412, 15.29412, 7.52941, 15.52941], "texture": "#0"},
				"up": {"uv": [7.76471, 15.52941, 7.52941, 15.29412], "texture": "#0"},
				"down": {"uv": [8, 15.29412, 7.76471, 15.52941], "texture": "#0"}
			}
		},
		{
			"from": [-1.3, 16.8, 20.7],
			"to": [0.7, 18.8, 22.7],
			"rotation": {"angle": 0, "axis": "y", "origin": [-1.3, 16.8, 22.7]},
			"faces": {
				"north": {"uv": [8, 15.29412, 8.23529, 15.52941], "texture": "#0"},
				"east": {"uv": [8.23529, 15.29412, 8.47059, 15.52941], "texture": "#0"},
				"south": {"uv": [15.29412, 8.47059, 15.52941, 8.70588], "texture": "#0"},
				"west": {"uv": [15.29412, 8.70588, 15.52941, 8.94118], "texture": "#0"},
				"up": {"uv": [15.52941, 9.17647, 15.29412, 8.94118], "texture": "#0"},
				"down": {"uv": [9.52941, 15.29412, 9.29412, 15.52941], "texture": "#0"}
			}
		},
		{
			"from": [-3.3, 17.3, 22.1],
			"to": [-1.3, 19.3, 24.1],
			"rotation": {"angle": 0, "axis": "y", "origin": [-3.3, 17.3, 24.1]},
			"faces": {
				"north": {"uv": [9.52941, 15.29412, 9.76471, 15.52941], "texture": "#0"},
				"east": {"uv": [9.76471, 15.29412, 10, 15.52941], "texture": "#0"},
				"south": {"uv": [10, 15.29412, 10.23529, 15.52941], "texture": "#0"},
				"west": {"uv": [10.23529, 15.29412, 10.47059, 15.52941], "texture": "#0"},
				"up": {"uv": [10.70588, 15.52941, 10.47059, 15.29412], "texture": "#0"},
				"down": {"uv": [10.94118, 15.29412, 10.70588, 15.52941], "texture": "#0"}
			}
		},
		{
			"from": [-4.3, 17.3, 23.1],
			"to": [-2.3, 19.3, 25.1],
			"rotation": {"angle": 0, "axis": "y", "origin": [-4.3, 17.3, 25.1]},
			"faces": {
				"north": {"uv": [15.29412, 10.70588, 15.52941, 10.94118], "texture": "#0"},
				"east": {"uv": [10.94118, 15.29412, 11.17647, 15.52941], "texture": "#0"},
				"south": {"uv": [15.29412, 10.94118, 15.52941, 11.17647], "texture": "#0"},
				"west": {"uv": [11.17647, 15.29412, 11.41176, 15.52941], "texture": "#0"},
				"up": {"uv": [15.52941, 11.41176, 15.29412, 11.17647], "texture": "#0"},
				"down": {"uv": [11.64706, 15.29412, 11.41176, 15.52941], "texture": "#0"}
			}
		},
		{
			"from": [-5.3, 17.3, 24.1],
			"to": [-3.3, 19.3, 26.1],
			"rotation": {"angle": 0, "axis": "y", "origin": [-5.3, 17.3, 26.1]},
			"faces": {
				"north": {"uv": [15.29412, 11.41176, 15.52941, 11.64706], "texture": "#0"},
				"east": {"uv": [11.64706, 15.29412, 11.88235, 15.52941], "texture": "#0"},
				"south": {"uv": [11.88235, 15.29412, 12.11765, 15.52941], "texture": "#0"},
				"west": {"uv": [12.11765, 15.29412, 12.35294, 15.52941], "texture": "#0"},
				"up": {"uv": [12.58824, 15.52941, 12.35294, 15.29412], "texture": "#0"},
				"down": {"uv": [12.82353, 15.29412, 12.58824, 15.52941], "texture": "#0"}
			}
		},
		{
			"from": [-4.8, 11.7, 15.1],
			"to": [4.2, 14.7, 22.1],
			"rotation": {"angle": 0, "axis": "y", "origin": [2.2, 11.7, 16.1]},
			"faces": {
				"north": {"uv": [13.76471, 14.23529, 14.82353, 14.58824], "texture": "#0"},
				"east": {"uv": [14.58824, 2.35294, 15.41176, 2.70588], "texture": "#0"},
				"south": {"uv": [14.35294, 10.35294, 15.41176, 10.70588], "texture": "#0"},
				"west": {"uv": [2.82353, 14.58824, 3.64706, 14.94118], "texture": "#0"},
				"up": {"uv": [10.82353, 14, 9.76471, 13.17647], "texture": "#0"},
				"down": {"uv": [11.88235, 13.17647, 10.82353, 14], "texture": "#0"}
			}
		},
		{
			"from": [-4.8, 13.7, 16.1],
			"to": [3.2, 16.7, 23.1],
			"rotation": {"angle": 0, "axis": "y", "origin": [1.2, 13.7, 17.1]},
			"faces": {
				"north": {"uv": [9.41176, 14.47059, 10.35294, 14.82353], "texture": "#0"},
				"east": {"uv": [3.64706, 14.58824, 4.47059, 14.94118], "texture": "#0"},
				"south": {"uv": [10.35294, 14.47059, 11.29412, 14.82353], "texture": "#0"},
				"west": {"uv": [4.47059, 14.58824, 5.29412, 14.94118], "texture": "#0"},
				"up": {"uv": [0.94118, 14.11765, 0, 13.29412], "texture": "#0"},
				"down": {"uv": [1.88235, 13.41176, 0.94118, 14.23529], "texture": "#0"}
			}
		},
		{
			"from": [-5.8, 14.7, 17.1],
			"to": [2.2, 17.7, 23.1],
			"rotation": {"angle": 0, "axis": "y", "origin": [0.2, 14.7, 17.1]},
			"faces": {
				"north": {"uv": [11.29412, 14.47059, 12.23529, 14.82353], "texture": "#0"},
				"east": {"uv": [14.70588, 2.94118, 15.41176, 3.29412], "texture": "#0"},
				"south": {"uv": [12.23529, 14.47059, 13.17647, 14.82353], "texture": "#0"},
				"west": {"uv": [14.70588, 3.29412, 15.41176, 3.64706], "texture": "#0"},
				"up": {"uv": [14.58824, 0.70588, 13.64706, 0], "texture": "#0"},
				"down": {"uv": [14.58824, 0.70588, 13.64706, 1.41176], "texture": "#0"}
			}
		},
		{
			"from": [-7.1, 15.1, 20.1],
			"to": [0.9, 18.1, 24.1],
			"rotation": {"angle": 0, "axis": "y", "origin": [-1.1, 15.1, 20.1]},
			"faces": {
				"north": {"uv": [0, 14.58824, 0.94118, 14.94118], "texture": "#0"},
				"east": {"uv": [5.76471, 13.64706, 6.23529, 14], "texture": "#0"},
				"south": {"uv": [14.58824, 0, 15.52941, 0.35294], "texture": "#0"},
				"west": {"uv": [14.82353, 12.94118, 15.29412, 13.29412], "texture": "#0"},
				"up": {"uv": [12, 14.47059, 11.05882, 14], "texture": "#0"},
				"down": {"uv": [12.94118, 14, 12, 14.47059], "texture": "#0"}
			}
		},
		{
			"from": [-8.1, 16.3, 21.5],
			"to": [0.9, 18.3, 25.5],
			"rotation": {"angle": 0, "axis": "y", "origin": [-1.1, 16.3, 21.5]},
			"faces": {
				"north": {"uv": [14.70588, 5.64706, 15.76471, 5.88235], "texture": "#0"},
				"east": {"uv": [14.94118, 5.41176, 15.41176, 5.64706], "texture": "#0"},
				"south": {"uv": [14.70588, 5.88235, 15.76471, 6.11765], "texture": "#0"},
				"west": {"uv": [5.52941, 14.94118, 6, 15.17647], "texture": "#0"},
				"up": {"uv": [14.70588, 7.17647, 13.64706, 6.70588], "texture": "#0"},
				"down": {"uv": [14.70588, 7.17647, 13.64706, 7.64706], "texture": "#0"}
			}
		},
		{
			"from": [-8.2, 16.3, 21.5],
			"to": [-0.2, 18.3, 25.5],
			"rotation": {"angle": 0, "axis": "y", "origin": [-2.2, 16.3, 21.5]},
			"faces": {
				"north": {"uv": [14.70588, 14, 15.64706, 14.23529], "texture": "#0"},
				"east": {"uv": [6, 14.94118, 6.47059, 15.17647], "texture": "#0"},
				"south": {"uv": [1.76471, 14.82353, 2.70588, 15.05882], "texture": "#0"},
				"west": {"uv": [8.58824, 14.94118, 9.05882, 15.17647], "texture": "#0"},
				"up": {"uv": [0.94118, 14.58824, 0, 14.11765], "texture": "#0"},
				"down": {"uv": [3.76471, 14.11765, 2.82353, 14.58824], "texture": "#0"}
			}
		},
		{
			"from": [-5.4, 12.8, 16.4],
			"to": [0.6, 14.8, 20.4],
			"rotation": {"angle": 0, "axis": "y", "origin": [-1.4, 12.8, 16.4]},
			"faces": {
				"north": {"uv": [14.82353, 13.29412, 15.52941, 13.52941], "texture": "#0"},
				"east": {"uv": [14.94118, 9.64706, 15.41176, 9.88235], "texture": "#0"},
				"south": {"uv": [14.82353, 13.52941, 15.52941, 13.76471], "texture": "#0"},
				"west": {"uv": [1.41176, 15.05882, 1.88235, 15.29412], "texture": "#0"},
				"up": {"uv": [15.29412, 0.82353, 14.58824, 0.35294], "texture": "#0"},
				"down": {"uv": [15.29412, 0.82353, 14.58824, 1.29412], "texture": "#0"}
			}
		},
		{
			"from": [-6.4, 13.8, 18.1],
			"to": [0.6, 15.8, 22.1],
			"rotation": {"angle": 0, "axis": "y", "origin": [-1.4, 13.8, 18.1]},
			"faces": {
				"north": {"uv": [14.82353, 12, 15.64706, 12.23529], "texture": "#0"},
				"east": {"uv": [1.88235, 15.05882, 2.35294, 15.29412], "texture": "#0"},
				"south": {"uv": [12.11765, 14.82353, 12.94118, 15.05882], "texture": "#0"},
				"west": {"uv": [15.05882, 3.64706, 15.52941, 3.88235], "texture": "#0"},
				"up": {"uv": [14.94118, 5.17647, 14.11765, 4.70588], "texture": "#0"},
				"down": {"uv": [14.94118, 5.17647, 14.11765, 5.64706], "texture": "#0"}
			}
		},
		{
			"from": [-8.5, 14.6, 19.6],
			"to": [-0.5, 16.6, 23.6],
			"rotation": {"angle": 0, "axis": "y", "origin": [-2.5, 14.6, 19.6]},
			"faces": {
				"north": {"uv": [6.70588, 14.82353, 7.64706, 15.05882], "texture": "#0"},
				"east": {"uv": [15.05882, 3.88235, 15.52941, 4.11765], "texture": "#0"},
				"south": {"uv": [7.64706, 14.82353, 8.58824, 15.05882], "texture": "#0"},
				"west": {"uv": [15.05882, 4.11765, 15.52941, 4.35294], "texture": "#0"},
				"up": {"uv": [4.70588, 14.58824, 3.76471, 14.11765], "texture": "#0"},
				"down": {"uv": [15.05882, 3.76471, 14.11765, 4.23529], "texture": "#0"}
			}
		},
		{
			"from": [-8.5, 15.8, 20.8],
			"to": [-0.5, 17.8, 24.8],
			"rotation": {"angle": 0, "axis": "y", "origin": [-2.5, 15.8, 20.8]},
			"faces": {
				"north": {"uv": [14.82353, 9.17647, 15.76471, 9.41176], "texture": "#0"},
				"east": {"uv": [15.05882, 4.35294, 15.52941, 4.58824], "texture": "#0"},
				"south": {"uv": [9.41176, 14.82353, 10.35294, 15.05882], "texture": "#0"},
				"west": {"uv": [6.47059, 15.05882, 6.94118, 15.29412], "texture": "#0"},
				"up": {"uv": [15.05882, 4.70588, 14.11765, 4.23529], "texture": "#0"},
				"down": {"uv": [5.64706, 14.11765, 4.70588, 14.58824], "texture": "#0"}
			}
		},
		{
			"from": [-10.1, 16.8, 22.4],
			"to": [-1.1, 18.8, 26.4],
			"rotation": {"angle": 0, "axis": "y", "origin": [-3.1, 16.8, 22.4]},
			"faces": {
				"north": {"uv": [14.70588, 6.11765, 15.76471, 6.35294], "texture": "#0"},
				"east": {"uv": [6.94118, 15.05882, 7.41176, 15.29412], "texture": "#0"},
				"south": {"uv": [14.70588, 6.35294, 15.76471, 6.58824], "texture": "#0"},
				"west": {"uv": [7.41176, 15.05882, 7.88235, 15.29412], "texture": "#0"},
				"up": {"uv": [14.70588, 8.11765, 13.64706, 7.64706], "texture": "#0"},
				"down": {"uv": [14.70588, 9.88235, 13.64706, 10.35294], "texture": "#0"}
			}
		},
		{
			"from": [-9.5, 16.3, 22],
			"to": [-0.5, 18.3, 26],
			"rotation": {"angle": 0, "axis": "y", "origin": [-2.5, 16.3, 22]},
			"faces": {
				"north": {"uv": [14.70588, 6.58824, 15.76471, 6.82353], "texture": "#0"},
				"east": {"uv": [7.88235, 15.05882, 8.35294, 15.29412], "texture": "#0"},
				"south": {"uv": [14.70588, 6.82353, 15.76471, 7.05882], "texture": "#0"},
				"west": {"uv": [15.05882, 8.23529, 15.52941, 8.47059], "texture": "#0"},
				"up": {"uv": [14.82353, 13.29412, 13.76471, 12.82353], "texture": "#0"},
				"down": {"uv": [14.82353, 13.29412, 13.76471, 13.76471], "texture": "#0"}
			}
		},
		{
			"from": [-3.3, 10.9, 15.1],
			"to": [4.7, 12.9, 21.1],
			"rotation": {"angle": 0, "axis": "y", "origin": [2.7, 10.9, 17.1]},
			"faces": {
				"north": {"uv": [14.82353, 9.41176, 15.76471, 9.64706], "texture": "#0"},
				"east": {"uv": [13.64706, 14.82353, 14.35294, 15.05882], "texture": "#0"},
				"south": {"uv": [10.35294, 14.82353, 11.29412, 15.05882], "texture": "#0"},
				"west": {"uv": [14.82353, 14.23529, 15.52941, 14.47059], "texture": "#0"},
				"up": {"uv": [14.58824, 2.11765, 13.64706, 1.41176], "texture": "#0"},
				"down": {"uv": [14.58824, 2.11765, 13.64706, 2.82353], "texture": "#0"}
			}
		}
	],
	"display": {
		"thirdperson_righthand": {
			"rotation": [38, 94, 0],
			"translation": [0, 3.75, 2],
			"scale": [0.22, 0.22, 0.22]
		},
		"thirdperson_lefthand": {
			"rotation": [38, -94, 0],
			"translation": [0, 3.75, 2],
			"scale": [0.22, 0.22, 0.22]
		},
		"firstperson_righthand": {
			"rotation": [1, 78, -20],
			"scale": [0.22, 0.22, 0.22]
		},
		"firstperson_lefthand": {
			"rotation": [-8, -110, 12],
			"translation": [0, 0.25, 0],
			"scale": [0.22, 0.22, 0.22]
		},
		"ground": {
			"translation": [0, 6.5, 0],
			"scale": [0.34, 0.34, 0.34]
		},
		"gui": {
			"rotation": [19, -54, 0],
			"translation": [0, 1.25, 0],
			"scale": [0.25, 0.25, 0.25]
		},
		"head": {
			"rotation": [0, 90, 0],
			"translation": [0, 15.5, 0],
			"scale": [0.38, 0.38, 0.38]
		},
		"fixed": {
			"rotation": [-90, 0, 0],
			"translation": [0, 0, -13.75],
			"scale": [0.57, 0.57, 0.57]
		}
	},
	"groups": [
		{
			"name": "Podest",
			"origin": [8, 8, 8],
			"color": 0,
			"children": [0, 1, 2]
		},
		{
			"name": "group",
			"origin": [8, 8, 8],
			"color": 0,
			"children": [
				{
					"name": "Körper",
					"origin": [19, 38, 0],
					"color": 0,
					"children": [3, 4, 5, 6, 7, 8, 9, 10, 11, 12, 13, 14, 15, 16, 17, 18, 19, 20, 21, 22, 23, 24, 25, 26]
				},
				{
					"name": "Kopf",
					"origin": [0, 0, 0],
					"color": 0,
					"children": [27, 28, 29, 30, 31, 32, 33]
				},
				{
					"name": "Schwanz",
					"origin": [0, 0, 0],
					"color": 0,
					"children": [34, 35, 36, 37, 38, 39, 40, 41, 42, 43, 44, 45, 46, 47, 48]
				},
				{
					"name": "Flügel 1",
					"origin": [0, 0, 0],
					"color": 0,
					"children": [49, 50, 51, 52, 53, 54, 55, 56, 57, 58, 59, 60, 61, 62, 63, 64, 65, 66, 67, 68, 69, 70, 71, 72, 73, 74]
				},
				{
					"name": "Flügel 2",
					"origin": [0, 0, 0],
					"color": 0,
					"children": [75, 76, 77, 78, 79, 80, 81, 82, 83, 84, 85, 86, 87, 88, 89, 90, 91, 92, 93, 94, 95, 96, 97, 98, 99, 100]
				}
			]
		}
	]
}