{
	"format_version": "1.21.6",
	"credit": "Made with Blockbench",
	"texture_size": [24, 24],
	"textures": {
		"0": "item/elytra/gold_block",
		"1": "item/elytra/steve_flying",
		"2": "item/elytra/stick",
		"particle": "item/elytra/gold_block"
	},
	"elements": [
		{
			"from": [7, -10, 6],
			"to": [9, 12, 8],
			"rotation": {"angle": 0, "axis": "y", "origin": [7, -10, 6]},
			"faces": {
				"north": {"uv": [0, 0, 1.33333, 14.66667], "texture": "#2"},
				"east": {"uv": [1.33333, 0, 2.66667, 14.66667], "texture": "#2"},
				"south": {"uv": [2.66667, 0, 4, 14.66667], "texture": "#2"},
				"west": {"uv": [4, 0, 5.33333, 14.66667], "texture": "#2"},
				"up": {"uv": [6.66667, 1.33333, 5.33333, 0], "texture": "#2"},
				"down": {"uv": [6.66667, 1.33333, 5.33333, 2.66667], "texture": "#2"}
			}
		},
		{
			"from": [4, 18, -7],
			"to": [12, 25, 0],
			"rotation": {"angle": 0, "axis": "y", "origin": [6, 18, -5]},
			"faces": {
				"north": {"uv": [0, 0, 2, 1.75], "texture": "#1"},
				"east": {"uv": [0, 3.5, 1.75, 5.25], "texture": "#1"},
				"south": {"uv": [0, 1.75, 2, 3.5], "texture": "#1"},
				"west": {"uv": [1.75, 3.5, 3.5, 5.25], "texture": "#1"},
				"up": {"uv": [4, 1.75, 2, 0], "texture": "#1"},
				"down": {"uv": [4, 1.75, 2, 3.5], "texture": "#1"}
			}
		},
		{
			"from": [4, 12, 6],
			"to": [12, 18, 8],
			"rotation": {"angle": 0, "axis": "y", "origin": [6, 12, 3]},
			"faces": {
				"north": {"uv": [3.5, 3.5, 5.5, 5], "texture": "#1"},
				"east": {"uv": [6.5, 9.25, 7, 10.75], "texture": "#1"},
				"south": {"uv": [4, 0, 6, 1.5], "texture": "#1"},
				"west": {"uv": [7, 9.25, 7.5, 10.75], "texture": "#1"},
				"up": {"uv": [9.5, 3.5, 7.5, 3], "texture": "#1"},
				"down": {"uv": [9.5, 3.5, 7.5, 4], "texture": "#1"}
			}
		},
		{
			"from": [4, 11, 8],
			"to": [12, 17, 10],
			"rotation": {"angle": 0, "axis": "y", "origin": [6, 11, 5]},
			"faces": {
				"north": {"uv": [4, 1.5, 6, 3], "texture": "#1"},
				"east": {"uv": [7.5, 9.25, 8, 10.75], "texture": "#1"},
				"south": {"uv": [3.5, 5, 5.5, 6.5], "texture": "#1"},
				"west": {"uv": [0, 9.5, 0.5, 11], "texture": "#1"},
				"up": {"uv": [6, 8, 4, 7.5], "texture": "#1"},
				"down": {"uv": [9.5, 4, 7.5, 4.5], "texture": "#1"}
			}
		},
		{
			"from": [4, 10, 10],
			"to": [12, 16, 12],
			"rotation": {"angle": 0, "axis": "y", "origin": [6, 10, 7]},
			"faces": {
				"north": {"uv": [0, 5.25, 2, 6.75], "texture": "#1"},
				"east": {"uv": [0.5, 9.5, 1, 11], "texture": "#1"},
				"south": {"uv": [5.5, 3, 7.5, 4.5], "texture": "#1"},
				"west": {"uv": [1, 9.5, 1.5, 11], "texture": "#1"},
				"up": {"uv": [9.5, 5, 7.5, 4.5], "texture": "#1"},
				"down": {"uv": [9.5, 5, 7.5, 5.5], "texture": "#1"}
			}
		},
		{
			"from": [9, 9.5, 12],
			"to": [12, 14.5, 14],
			"rotation": {"angle": 0, "axis": "y", "origin": [6, 8.5, 9]},
			"faces": {
				"north": {"uv": [2, 5.25, 2.75, 6.5], "texture": "#1"},
				"east": {"uv": [2.25, 10.5, 2.75, 11.75], "texture": "#1"},
				"south": {"uv": [2.75, 5.25, 3.5, 6.5], "texture": "#1"},
				"west": {"uv": [7, 10.75, 7.5, 12], "texture": "#1"},
				"up": {"uv": [4.75, 3.5, 4, 3], "texture": "#1"},
				"down": {"uv": [5.5, 3, 4.75, 3.5], "texture": "#1"}
			}
		},
		{
			"from": [9, 8.5, 14],
			"to": [12, 13.5, 16],
			"rotation": {"angle": 0, "axis": "y", "origin": [6, 7.5, 11]},
			"faces": {
				"north": {"uv": [8, 1.5, 8.75, 2.75], "texture": "#1"},
				"east": {"uv": [10.75, 7.25, 11.25, 8.5], "texture": "#1"},
				"south": {"uv": [2, 8, 2.75, 9.25], "texture": "#1"},
				"west": {"uv": [7.5, 10.75, 8, 12], "texture": "#1"},
				"up": {"uv": [6.75, 12.75, 6, 12.25], "texture": "#1"},
				"down": {"uv": [13.25, 0.75, 12.5, 1.25], "texture": "#1"}
			}
		},
		{
			"from": [9, 7.2, 16],
			"to": [12, 12.2, 18],
			"rotation": {"angle": 0, "axis": "y", "origin": [6, 6.2, 13]},
			"faces": {
				"north": {"uv": [2.75, 8, 3.5, 9.25], "texture": "#1"},
				"east": {"uv": [10.75, 8.5, 11.25, 9.75], "texture": "#1"},
				"south": {"uv": [3.5, 8, 4.25, 9.25], "texture": "#1"},
				"west": {"uv": [0, 11, 0.5, 12.25], "texture": "#1"},
				"up": {"uv": [3.25, 13, 2.5, 12.5], "texture": "#1"},
				"down": {"uv": [4, 12.5, 3.25, 13], "texture": "#1"}
			}
		},
		{
			"from": [9, 6.4, 18],
			"to": [12, 11.4, 20],
			"rotation": {"angle": 0, "axis": "y", "origin": [6, 5.4, 15]},
			"faces": {
				"north": {"uv": [4.25, 8, 5, 9.25], "texture": "#1"},
				"east": {"uv": [0.5, 11, 1, 12.25], "texture": "#1"},
				"south": {"uv": [5, 8, 5.75, 9.25], "texture": "#1"},
				"west": {"uv": [1, 11, 1.5, 12.25], "texture": "#1"},
				"up": {"uv": [4.75, 13, 4, 12.5], "texture": "#1"},
				"down": {"uv": [5.5, 12.5, 4.75, 13], "texture": "#1"}
			}
		},
		{
			"from": [9, 5.5, 20],
			"to": [12, 10.5, 22],
			"rotation": {"angle": 0, "axis": "y", "origin": [6, 4.5, 17]},
			"faces": {
				"north": {"uv": [5.75, 8, 6.5, 9.25], "texture": "#1"},
				"east": {"uv": [4, 11, 4.5, 12.25], "texture": "#1"},
				"south": {"uv": [6.5, 8, 7.25, 9.25], "texture": "#1"},
				"west": {"uv": [4.5, 11, 5, 12.25], "texture": "#1"},
				"up": {"uv": [8.25, 13, 7.5, 12.5], "texture": "#1"},
				"down": {"uv": [9, 12.5, 8.25, 13], "texture": "#1"}
			}
		},
		{
			"from": [4, 8.7, 12],
			"to": [7, 13.7, 14],
			"rotation": {"angle": 0, "axis": "y", "origin": [1, 7.7, 9]},
			"faces": {
				"north": {"uv": [7.25, 8, 8, 9.25], "texture": "#1"},
				"east": {"uv": [5, 11, 5.5, 12.25], "texture": "#1"},
				"south": {"uv": [8, 7.5, 8.75, 8.75], "texture": "#1"},
				"west": {"uv": [5.5, 11, 6, 12.25], "texture": "#1"},
				"up": {"uv": [9.75, 13, 9, 12.5], "texture": "#1"},
				"down": {"uv": [10.5, 12.5, 9.75, 13], "texture": "#1"}
			}
		},
		{
			"from": [4, 7.4, 14],
			"to": [7, 12.4, 16],
			"rotation": {"angle": 0, "axis": "y", "origin": [1, 6.4, 11]},
			"faces": {
				"north": {"uv": [0, 8.25, 0.75, 9.5], "texture": "#1"},
				"east": {"uv": [6, 11, 6.5, 12.25], "texture": "#1"},
				"south": {"uv": [0.75, 8.25, 1.5, 9.5], "texture": "#1"},
				"west": {"uv": [6.5, 11, 7, 12.25], "texture": "#1"},
				"up": {"uv": [11.25, 13, 10.5, 12.5], "texture": "#1"},
				"down": {"uv": [12, 12.5, 11.25, 13], "texture": "#1"}
			}
		},
		{
			"from": [4, 6.1, 16],
			"to": [7, 11.1, 18],
			"rotation": {"angle": 0, "axis": "y", "origin": [1, 5.1, 13]},
			"faces": {
				"north": {"uv": [8.75, 1.5, 9.5, 2.75], "texture": "#1"},
				"east": {"uv": [8, 11, 8.5, 12.25], "texture": "#1"},
				"south": {"uv": [8.75, 7.5, 9.5, 8.75], "texture": "#1"},
				"west": {"uv": [8.5, 11, 9, 12.25], "texture": "#1"},
				"up": {"uv": [12.75, 13, 12, 12.5], "texture": "#1"},
				"down": {"uv": [0.75, 12.75, 0, 13.25], "texture": "#1"}
			}
		},
		{
			"from": [4, 5.1, 18],
			"to": [7, 10.1, 20],
			"rotation": {"angle": 0, "axis": "y", "origin": [1, 4.1, 15]},
			"faces": {
				"north": {"uv": [8, 8.75, 8.75, 10], "texture": "#1"},
				"east": {"uv": [9, 11, 9.5, 12.25], "texture": "#1"},
				"south": {"uv": [8.75, 8.75, 9.5, 10], "texture": "#1"},
				"west": {"uv": [9.5, 11, 10, 12.25], "texture": "#1"},
				"up": {"uv": [1.5, 13.25, 0.75, 12.75], "texture": "#1"},
				"down": {"uv": [2.25, 12.75, 1.5, 13.25], "texture": "#1"}
			}
		},
		{
			"from": [4, 4.1, 20],
			"to": [7, 9.1, 22],
			"rotation": {"angle": 0, "axis": "y", "origin": [1, 3.1, 17]},
			"faces": {
				"north": {"uv": [1.5, 9.25, 2.25, 10.5], "texture": "#1"},
				"east": {"uv": [11, 9.75, 11.5, 11], "texture": "#1"},
				"south": {"uv": [2.25, 9.25, 3, 10.5], "texture": "#1"},
				"west": {"uv": [10, 11, 10.5, 12.25], "texture": "#1"},
				"up": {"uv": [6.25, 13.25, 5.5, 12.75], "texture": "#1"},
				"down": {"uv": [7, 12.75, 6.25, 13.25], "texture": "#1"}
			}
		},
		{
			"from": [4, 13, 4],
			"to": [12, 19, 6],
			"rotation": {"angle": 0, "axis": "y", "origin": [6, 13, 1]},
			"faces": {
				"north": {"uv": [5.5, 4.5, 7.5, 6], "texture": "#1"},
				"east": {"uv": [9.5, 4, 10, 5.5], "texture": "#1"},
				"south": {"uv": [6, 0, 8, 1.5], "texture": "#1"},
				"west": {"uv": [9.5, 5.5, 10, 7], "texture": "#1"},
				"up": {"uv": [9.5, 6, 7.5, 5.5], "texture": "#1"},
				"down": {"uv": [8, 7.5, 6, 8], "texture": "#1"}
			}
		},
		{
			"from": [4, 14, 2],
			"to": [12, 20, 4],
			"rotation": {"angle": 0, "axis": "y", "origin": [6, 14, -1]},
			"faces": {
				"north": {"uv": [6, 1.5, 8, 3], "texture": "#1"},
				"east": {"uv": [9.5, 7, 10, 8.5], "texture": "#1"},
				"south": {"uv": [5.5, 6, 7.5, 7.5], "texture": "#1"},
				"west": {"uv": [9.5, 8.5, 10, 10], "texture": "#1"},
				"up": {"uv": [9.5, 6.5, 7.5, 6], "texture": "#1"},
				"down": {"uv": [9.5, 6.5, 7.5, 7], "texture": "#1"}
			}
		},
		{
			"from": [4, 15, 0],
			"to": [12, 21, 2],
			"rotation": {"angle": 0, "axis": "y", "origin": [6, 15, -3]},
			"faces": {
				"north": {"uv": [2, 6.5, 4, 8], "texture": "#1"},
				"east": {"uv": [3, 9.75, 3.5, 11.25], "texture": "#1"},
				"south": {"uv": [0, 6.75, 2, 8.25], "texture": "#1"},
				"west": {"uv": [3.5, 9.75, 4, 11.25], "texture": "#1"},
				"up": {"uv": [9.5, 7.5, 7.5, 7], "texture": "#1"},
				"down": {"uv": [10, 0, 8, 0.5], "texture": "#1"}
			}
		},
		{
			"from": [12, 15, 2],
			"to": [15, 19, 4],
			"rotation": {"angle": 0, "axis": "y", "origin": [12, 17, 2]},
			"faces": {
				"north": {"uv": [4, 6.5, 4.75, 7.5], "texture": "#1"},
				"east": {"uv": [1.5, 8.25, 2, 9.25], "texture": "#1"},
				"south": {"uv": [4.75, 6.5, 5.5, 7.5], "texture": "#1"},
				"west": {"uv": [10.5, 11, 11, 12], "texture": "#1"},
				"up": {"uv": [13.5, 12.75, 12.75, 12.25], "texture": "#1"},
				"down": {"uv": [13.5, 12.75, 12.75, 13.25], "texture": "#1"}
			}
		},
		{
			"from": [1, 14.8, 2],
			"to": [4, 18.8, 4],
			"rotation": {"angle": 0, "axis": "y", "origin": [1, 16.8, 2]},
			"faces": {
				"north": {"uv": [4, 9.75, 4.75, 10.75], "texture": "#1"},
				"east": {"uv": [11, 11, 11.5, 12], "texture": "#1"},
				"south": {"uv": [4.75, 9.75, 5.5, 10.75], "texture": "#1"},
				"west": {"uv": [2.75, 11.25, 3.25, 12.25], "texture": "#1"},
				"up": {"uv": [13.75, 0.5, 13, 0], "texture": "#1"},
				"down": {"uv": [13.75, 1.25, 13, 1.75], "texture": "#1"}
			}
		},
		{
			"from": [0.6, 13.6, 4],
			"to": [3.6, 17.6, 6],
			"rotation": {"angle": 0, "axis": "y", "origin": [0.6, 15.6, 4]},
			"faces": {
				"north": {"uv": [5.5, 9.75, 6.25, 10.75], "texture": "#1"},
				"east": {"uv": [3.25, 11.25, 3.75, 12.25], "texture": "#1"},
				"south": {"uv": [10, 4, 10.75, 5], "texture": "#1"},
				"west": {"uv": [11.25, 7.25, 11.75, 8.25], "texture": "#1"},
				"up": {"uv": [13.75, 2.25, 13, 1.75], "texture": "#1"},
				"down": {"uv": [3, 13, 2.25, 13.5], "texture": "#1"}
			}
		},
		{
			"from": [0.2, 12.5, 6],
			"to": [3.2, 16.5, 8],
			"rotation": {"angle": 0, "axis": "y", "origin": [0.2, 14.5, 6]},
			"faces": {
				"north": {"uv": [10, 5, 10.75, 6], "texture": "#1"},
				"east": {"uv": [11.25, 8.25, 11.75, 9.25], "texture": "#1"},
				"south": {"uv": [10, 6, 10.75, 7], "texture": "#1"},
				"west": {"uv": [1.5, 11.5, 2, 12.5], "texture": "#1"},
				"up": {"uv": [13.75, 2.75, 13, 2.25], "texture": "#1"},
				"down": {"uv": [3.75, 13, 3, 13.5], "texture": "#1"}
			}
		},
		{
			"from": [-0.4, 11.7, 8],
			"to": [2.6, 15.7, 10],
			"rotation": {"angle": 0, "axis": "y", "origin": [-0.4, 13.7, 8]},
			"faces": {
				"north": {"uv": [10, 7, 10.75, 8], "texture": "#1"},
				"east": {"uv": [11.5, 9.25, 12, 10.25], "texture": "#1"},
				"south": {"uv": [8, 10, 8.75, 11], "texture": "#1"},
				"west": {"uv": [11.5, 10.25, 12, 11.25], "texture": "#1"},
				"up": {"uv": [13.75, 3.5, 13, 3], "texture": "#1"},
				"down": {"uv": [13.75, 3.5, 13, 4], "texture": "#1"}
			}
		},
		{
			"from": [12.5, 14.2, 4],
			"to": [15.5, 18.2, 6],
			"rotation": {"angle": 0, "axis": "y", "origin": [12.5, 16.2, 4]},
			"faces": {
				"north": {"uv": [10, 8, 10.75, 9], "texture": "#1"},
				"east": {"uv": [11.5, 11.25, 12, 12.25], "texture": "#1"},
				"south": {"uv": [8.75, 10, 9.5, 11], "texture": "#1"},
				"west": {"uv": [2, 11.75, 2.5, 12.75], "texture": "#1"},
				"up": {"uv": [4.5, 13.5, 3.75, 13], "texture": "#1"},
				"down": {"uv": [5.25, 13, 4.5, 13.5], "texture": "#1"}
			}
		},
		{
			"from": [12.9, 13.5, 6],
			"to": [15.9, 17.5, 8],
			"rotation": {"angle": 0, "axis": "y", "origin": [12.9, 15.5, 6]},
			"faces": {
				"north": {"uv": [10, 9, 10.75, 10], "texture": "#1"},
				"east": {"uv": [11.75, 7.25, 12.25, 8.25], "texture": "#1"},
				"south": {"uv": [9.5, 10, 10.25, 11], "texture": "#1"},
				"west": {"uv": [11.75, 8.25, 12.25, 9.25], "texture": "#1"},
				"up": {"uv": [7.75, 13.5, 7, 13], "texture": "#1"},
				"down": {"uv": [8.5, 13, 7.75, 13.5], "texture": "#1"}
			}
		},
		{
			"from": [13.5, 12.3, 8],
			"to": [16.5, 16.3, 10],
			"rotation": {"angle": 0, "axis": "y", "origin": [13.5, 14.3, 8]},
			"faces": {
				"north": {"uv": [10.25, 10, 11, 11], "texture": "#1"},
				"east": {"uv": [12, 0.5, 12.5, 1.5], "texture": "#1"},
				"south": {"uv": [1.5, 10.5, 2.25, 11.5], "texture": "#1"},
				"west": {"uv": [7, 12, 7.5, 13], "texture": "#1"},
				"up": {"uv": [9.25, 13.5, 8.5, 13], "texture": "#1"},
				"down": {"uv": [10, 13, 9.25, 13.5], "texture": "#1"}
			}
		},
		{
			"from": [6, 20, 3],
			"to": [7, 21, 4],
			"rotation": {"angle": 0, "axis": "y", "origin": [5, 20, 3]},
			"faces": {
				"north": {"uv": [10.75, 9.75, 11, 10], "texture": "#1"},
				"east": {"uv": [2.75, 11, 3, 11.25], "texture": "#1"},
				"south": {"uv": [2, 11.5, 2.25, 11.75], "texture": "#1"},
				"west": {"uv": [1.75, 12.5, 2, 12.75], "texture": "#1"},
				"up": {"uv": [2.5, 13, 2.25, 12.75], "texture": "#1"},
				"down": {"uv": [5.5, 13, 5.25, 13.25], "texture": "#1"}
			}
		},
		{
			"from": [5, 20, 3],
			"to": [6, 21.4, 4],
			"rotation": {"angle": 0, "axis": "y", "origin": [4, 20, 3]},
			"faces": {
				"north": {"uv": [11, 14.5, 11.25, 14.875], "texture": "#1"},
				"east": {"uv": [11.25, 14.5, 11.5, 14.875], "texture": "#1"},
				"south": {"uv": [11.5, 14.5, 11.75, 14.875], "texture": "#1"},
				"west": {"uv": [14.5, 11.5, 14.75, 11.875], "texture": "#1"},
				"up": {"uv": [7, 13.5, 6.75, 13.25], "texture": "#1"},
				"down": {"uv": [14.75, 13.25, 14.5, 13.5], "texture": "#1"}
			}
		},
		{
			"from": [4, 20, 3],
			"to": [5, 22, 4],
			"rotation": {"angle": 0, "axis": "y", "origin": [3, 20, 3]},
			"faces": {
				"north": {"uv": [6.25, 9.75, 6.5, 10.25], "texture": "#1"},
				"east": {"uv": [6.25, 10.25, 6.5, 10.75], "texture": "#1"},
				"south": {"uv": [2.75, 10.5, 3, 11], "texture": "#1"},
				"west": {"uv": [3.75, 11.25, 4, 11.75], "texture": "#1"},
				"up": {"uv": [15, 1.25, 14.75, 1], "texture": "#1"},
				"down": {"uv": [4.5, 14.75, 4.25, 15], "texture": "#1"}
			}
		},
		{
			"from": [3, 20, 4],
			"to": [8, 21, 5],
			"rotation": {"angle": 0, "axis": "y", "origin": [2, 20, 4]},
			"faces": {
				"north": {"uv": [11.5, 13, 12.75, 13.25], "texture": "#1"},
				"east": {"uv": [4.5, 14.75, 4.75, 15], "texture": "#1"},
				"south": {"uv": [13.5, 12.5, 14.75, 12.75], "texture": "#1"},
				"west": {"uv": [14.75, 4.5, 15, 4.75], "texture": "#1"},
				"up": {"uv": [14.75, 13, 13.5, 12.75], "texture": "#1"},
				"down": {"uv": [14.75, 13, 13.5, 13.25], "texture": "#1"}
			}
		},
		{
			"from": [3, 21, 4],
			"to": [5, 22, 5],
			"rotation": {"angle": 0, "axis": "y", "origin": [2, 21, 4]},
			"faces": {
				"north": {"uv": [7.5, 12, 8, 12.25], "texture": "#1"},
				"east": {"uv": [4.75, 14.75, 5, 15], "texture": "#1"},
				"south": {"uv": [12.5, 1.25, 13, 1.5], "texture": "#1"},
				"west": {"uv": [14.75, 4.75, 15, 5], "texture": "#1"},
				"up": {"uv": [6, 12.75, 5.5, 12.5], "texture": "#1"},
				"down": {"uv": [14.25, 12, 13.75, 12.25], "texture": "#1"}
			}
		},
		{
			"from": [2, 21, 5],
			"to": [4, 22, 6],
			"rotation": {"angle": 0, "axis": "y", "origin": [1, 21, 5]},
			"faces": {
				"north": {"uv": [12.5, 13.75, 13, 14], "texture": "#1"},
				"east": {"uv": [5, 14.75, 5.25, 15], "texture": "#1"},
				"south": {"uv": [13, 13.75, 13.5, 14], "texture": "#1"},
				"west": {"uv": [14.75, 5, 15, 5.25], "texture": "#1"},
				"up": {"uv": [14, 14, 13.5, 13.75], "texture": "#1"},
				"down": {"uv": [0.5, 14, 0, 14.25], "texture": "#1"}
			}
		},
		{
			"from": [4, 21, 5],
			"to": [6, 22, 6],
			"rotation": {"angle": 0, "axis": "y", "origin": [3, 21, 5]},
			"faces": {
				"north": {"uv": [0.5, 14, 1, 14.25], "texture": "#1"},
				"east": {"uv": [5.25, 14.75, 5.5, 15], "texture": "#1"},
				"south": {"uv": [1, 14, 1.5, 14.25], "texture": "#1"},
				"west": {"uv": [5.5, 14.75, 5.75, 15], "texture": "#1"},
				"up": {"uv": [2, 14.25, 1.5, 14], "texture": "#1"},
				"down": {"uv": [2.5, 14, 2, 14.25], "texture": "#1"}
			}
		},
		{
			"from": [10, 21, 5],
			"to": [12, 22, 6],
			"rotation": {"angle": 0, "axis": "y", "origin": [9, 21, 5]},
			"faces": {
				"north": {"uv": [2.5, 14, 3, 14.25], "texture": "#1"},
				"east": {"uv": [5.75, 14.75, 6, 15], "texture": "#1"},
				"south": {"uv": [3, 14, 3.5, 14.25], "texture": "#1"},
				"west": {"uv": [6, 14.75, 6.25, 15], "texture": "#1"},
				"up": {"uv": [4, 14.25, 3.5, 14], "texture": "#1"},
				"down": {"uv": [4.5, 14, 4, 14.25], "texture": "#1"}
			}
		},
		{
			"from": [12, 21, 5],
			"to": [14, 22, 6],
			"rotation": {"angle": 0, "axis": "y", "origin": [11, 21, 5]},
			"faces": {
				"north": {"uv": [4.5, 14, 5, 14.25], "texture": "#1"},
				"east": {"uv": [6.25, 14.75, 6.5, 15], "texture": "#1"},
				"south": {"uv": [5, 14, 5.5, 14.25], "texture": "#1"},
				"west": {"uv": [6.5, 14.75, 6.75, 15], "texture": "#1"},
				"up": {"uv": [6, 14.25, 5.5, 14], "texture": "#1"},
				"down": {"uv": [6.5, 14, 6, 14.25], "texture": "#1"}
			}
		},
		{
			"from": [6, 21, 5],
			"to": [7, 21.7, 6],
			"rotation": {"angle": 0, "axis": "y", "origin": [4, 21, 5]},
			"faces": {
				"north": {"uv": [7, 15.5, 7.25, 15.625], "texture": "#1"},
				"east": {"uv": [15.5, 7, 15.75, 7.125], "texture": "#1"},
				"south": {"uv": [7.25, 15.5, 7.5, 15.625], "texture": "#1"},
				"west": {"uv": [15.5, 7.25, 15.75, 7.375], "texture": "#1"},
				"up": {"uv": [7, 15, 6.75, 14.75], "texture": "#1"},
				"down": {"uv": [7.25, 14.75, 7, 15], "texture": "#1"}
			}
		},
		{
			"from": [9, 21, 5],
			"to": [10, 21.7, 6],
			"rotation": {"angle": 0, "axis": "y", "origin": [7, 21, 5]},
			"faces": {
				"north": {"uv": [7.5, 15.5, 7.75, 15.625], "texture": "#1"},
				"east": {"uv": [15.5, 7.5, 15.75, 7.625], "texture": "#1"},
				"south": {"uv": [7.75, 15.5, 8, 15.625], "texture": "#1"},
				"west": {"uv": [15.5, 7.75, 15.75, 7.875], "texture": "#1"},
				"up": {"uv": [7.5, 15, 7.25, 14.75], "texture": "#1"},
				"down": {"uv": [7.75, 14.75, 7.5, 15], "texture": "#1"}
			}
		},
		{
			"from": [2, 21, 6],
			"to": [4, 22, 7],
			"rotation": {"angle": 0, "axis": "y", "origin": [1, 21, 6]},
			"faces": {
				"north": {"uv": [6.5, 14, 7, 14.25], "texture": "#1"},
				"east": {"uv": [7.75, 14.75, 8, 15], "texture": "#1"},
				"south": {"uv": [7, 14, 7.5, 14.25], "texture": "#1"},
				"west": {"uv": [8, 14.75, 8.25, 15], "texture": "#1"},
				"up": {"uv": [14.5, 7.5, 14, 7.25], "texture": "#1"},
				"down": {"uv": [8, 14, 7.5, 14.25], "texture": "#1"}
			}
		},
		{
			"from": [12, 21, 6],
			"to": [14, 22, 7],
			"rotation": {"angle": 0, "axis": "y", "origin": [11, 21, 6]},
			"faces": {
				"north": {"uv": [14, 7.5, 14.5, 7.75], "texture": "#1"},
				"east": {"uv": [8.25, 14.75, 8.5, 15], "texture": "#1"},
				"south": {"uv": [14, 7.75, 14.5, 8], "texture": "#1"},
				"west": {"uv": [8.5, 14.75, 8.75, 15], "texture": "#1"},
				"up": {"uv": [8.5, 14.25, 8, 14], "texture": "#1"},
				"down": {"uv": [14.5, 8, 14, 8.25], "texture": "#1"}
			}
		},
		{
			"from": [10, 21, 6],
			"to": [12, 22, 7],
			"rotation": {"angle": 0, "axis": "y", "origin": [9, 21, 6]},
			"faces": {
				"north": {"uv": [14, 8.25, 14.5, 8.5], "texture": "#1"},
				"east": {"uv": [8.75, 14.75, 9, 15], "texture": "#1"},
				"south": {"uv": [8.5, 14, 9, 14.25], "texture": "#1"},
				"west": {"uv": [9, 14.75, 9.25, 15], "texture": "#1"},
				"up": {"uv": [14.5, 8.75, 14, 8.5], "texture": "#1"},
				"down": {"uv": [14.5, 8.75, 14, 9], "texture": "#1"}
			}
		},
		{
			"from": [4, 21, 6],
			"to": [6, 22, 7],
			"rotation": {"angle": 0, "axis": "y", "origin": [3, 21, 6]},
			"faces": {
				"north": {"uv": [9, 14, 9.5, 14.25], "texture": "#1"},
				"east": {"uv": [9.25, 14.75, 9.5, 15], "texture": "#1"},
				"south": {"uv": [14, 9, 14.5, 9.25], "texture": "#1"},
				"west": {"uv": [9.5, 14.75, 9.75, 15], "texture": "#1"},
				"up": {"uv": [14.5, 9.5, 14, 9.25], "texture": "#1"},
				"down": {"uv": [10, 14, 9.5, 14.25], "texture": "#1"}
			}
		},
		{
			"from": [6, 21, 6],
			"to": [8, 22, 7],
			"rotation": {"angle": 0, "axis": "y", "origin": [5, 21, 6]},
			"faces": {
				"north": {"uv": [14, 9.5, 14.5, 9.75], "texture": "#1"},
				"east": {"uv": [9.75, 14.75, 10, 15], "texture": "#1"},
				"south": {"uv": [14, 9.75, 14.5, 10], "texture": "#1"},
				"west": {"uv": [14.75, 10, 15, 10.25], "texture": "#1"},
				"up": {"uv": [10.5, 14.25, 10, 14], "texture": "#1"},
				"down": {"uv": [11, 14, 10.5, 14.25], "texture": "#1"}
			}
		},
		{
			"from": [8, 21, 6],
			"to": [10, 22, 7],
			"rotation": {"angle": 0, "axis": "y", "origin": [7, 21, 6]},
			"faces": {
				"north": {"uv": [11, 14, 11.5, 14.25], "texture": "#1"},
				"east": {"uv": [14.75, 10.25, 15, 10.5], "texture": "#1"},
				"south": {"uv": [11.5, 14, 12, 14.25], "texture": "#1"},
				"west": {"uv": [14.75, 10.5, 15, 10.75], "texture": "#1"},
				"up": {"uv": [12.5, 14.25, 12, 14], "texture": "#1"},
				"down": {"uv": [13, 14, 12.5, 14.25], "texture": "#1"}
			}
		},
		{
			"from": [7, 21, 11],
			"to": [9, 21.2, 12],
			"rotation": {"angle": 0, "axis": "y", "origin": [6, 21, 11]},
			"faces": {
				"north": {"uv": [14.75, 10.75, 15.25, 10.875], "texture": "#1"},
				"east": {"uv": [8, 15.5, 8.25, 15.625], "texture": "#1"},
				"south": {"uv": [14.75, 11, 15.25, 11.125], "texture": "#1"},
				"west": {"uv": [15.5, 8, 15.75, 8.125], "texture": "#1"},
				"up": {"uv": [13.5, 14.25, 13, 14], "texture": "#1"},
				"down": {"uv": [14, 14, 13.5, 14.25], "texture": "#1"}
			}
		},
		{
			"from": [9, 21, 12],
			"to": [10, 21.2, 13],
			"rotation": {"angle": 0, "axis": "y", "origin": [8, 21, 12]},
			"faces": {
				"north": {"uv": [8.25, 15.5, 8.5, 15.625], "texture": "#1"},
				"east": {"uv": [15.5, 8.25, 15.75, 8.375], "texture": "#1"},
				"south": {"uv": [8.5, 15.5, 8.75, 15.625], "texture": "#1"},
				"west": {"uv": [15.5, 8.5, 15.75, 8.625], "texture": "#1"},
				"up": {"uv": [15, 11.5, 14.75, 11.25], "texture": "#1"},
				"down": {"uv": [15, 11.5, 14.75, 11.75], "texture": "#1"}
			}
		},
		{
			"from": [9, 21, 13],
			"to": [10, 21.2, 14],
			"rotation": {"angle": 0, "axis": "y", "origin": [8, 21, 13]},
			"faces": {
				"north": {"uv": [8.75, 15.5, 9, 15.625], "texture": "#1"},
				"east": {"uv": [15.5, 8.75, 15.75, 8.875], "texture": "#1"},
				"south": {"uv": [9, 15.5, 9.25, 15.625], "texture": "#1"},
				"west": {"uv": [15.5, 9, 15.75, 9.125], "texture": "#1"},
				"up": {"uv": [12, 15, 11.75, 14.75], "texture": "#1"},
				"down": {"uv": [15, 11.75, 14.75, 12], "texture": "#1"}
			}
		},
		{
			"from": [9, 21, 14],
			"to": [10, 21.2, 15],
			"rotation": {"angle": 0, "axis": "y", "origin": [8, 21, 14]},
			"faces": {
				"north": {"uv": [9.25, 15.5, 9.5, 15.625], "texture": "#1"},
				"east": {"uv": [15.5, 9.25, 15.75, 9.375], "texture": "#1"},
				"south": {"uv": [9.5, 15.5, 9.75, 15.625], "texture": "#1"},
				"west": {"uv": [15.5, 9.5, 15.75, 9.625], "texture": "#1"},
				"up": {"uv": [12.25, 15, 12, 14.75], "texture": "#1"},
				"down": {"uv": [15, 12, 14.75, 12.25], "texture": "#1"}
			}
		},
		{
			"from": [6, 21, 14],
			"to": [7, 21.2, 15],
			"rotation": {"angle": 0, "axis": "y", "origin": [5, 21, 14]},
			"faces": {
				"north": {"uv": [9.75, 15.5, 10, 15.625], "texture": "#1"},
				"east": {"uv": [15.5, 9.75, 15.75, 9.875], "texture": "#1"},
				"south": {"uv": [10, 15.5, 10.25, 15.625], "texture": "#1"},
				"west": {"uv": [15.5, 10, 15.75, 10.125], "texture": "#1"},
				"up": {"uv": [12.5, 15, 12.25, 14.75], "texture": "#1"},
				"down": {"uv": [12.75, 14.75, 12.5, 15], "texture": "#1"}
			}
		},
		{
			"from": [6, 21, 13],
			"to": [7, 21.2, 14],
			"rotation": {"angle": 0, "axis": "y", "origin": [5, 21, 13]},
			"faces": {
				"north": {"uv": [10.25, 15.5, 10.5, 15.625], "texture": "#1"},
				"east": {"uv": [15.5, 10.25, 15.75, 10.375], "texture": "#1"},
				"south": {"uv": [10.5, 15.5, 10.75, 15.625], "texture": "#1"},
				"west": {"uv": [15.5, 10.5, 15.75, 10.625], "texture": "#1"},
				"up": {"uv": [15, 12.75, 14.75, 12.5], "texture": "#1"},
				"down": {"uv": [13, 14.75, 12.75, 15], "texture": "#1"}
			}
		},
		{
			"from": [6, 21, 12],
			"to": [7, 21.2, 13],
			"rotation": {"angle": 0, "axis": "y", "origin": [5, 21, 12]},
			"faces": {
				"north": {"uv": [10.75, 15.5, 11, 15.625], "texture": "#1"},
				"east": {"uv": [15.5, 10.75, 15.75, 10.875], "texture": "#1"},
				"south": {"uv": [11, 15.5, 11.25, 15.625], "texture": "#1"},
				"west": {"uv": [15.5, 11, 15.75, 11.125], "texture": "#1"},
				"up": {"uv": [15, 13, 14.75, 12.75], "texture": "#1"},
				"down": {"uv": [13.25, 14.75, 13, 15], "texture": "#1"}
			}
		},
		{
			"from": [10, 21, 15],
			"to": [11, 21.2, 16],
			"rotation": {"angle": 0, "axis": "y", "origin": [9, 21, 15]},
			"faces": {
				"north": {"uv": [11.25, 15.5, 11.5, 15.625], "texture": "#1"},
				"east": {"uv": [15.5, 11.25, 15.75, 11.375], "texture": "#1"},
				"south": {"uv": [11.5, 15.5, 11.75, 15.625], "texture": "#1"},
				"west": {"uv": [15.5, 11.5, 15.75, 11.625], "texture": "#1"},
				"up": {"uv": [15, 13.25, 14.75, 13], "texture": "#1"},
				"down": {"uv": [15, 13.25, 14.75, 13.5], "texture": "#1"}
			}
		},
		{
			"from": [11, 21, 15],
			"to": [12, 21.5, 16],
			"rotation": {"angle": 0, "axis": "y", "origin": [10, 21, 15]},
			"faces": {
				"north": {"uv": [11.75, 15.5, 12, 15.625], "texture": "#1"},
				"east": {"uv": [15.5, 11.75, 15.75, 11.875], "texture": "#1"},
				"south": {"uv": [12, 15.5, 12.25, 15.625], "texture": "#1"},
				"west": {"uv": [15.5, 12, 15.75, 12.125], "texture": "#1"},
				"up": {"uv": [15, 13.75, 14.75, 13.5], "texture": "#1"},
				"down": {"uv": [15, 13.75, 14.75, 14], "texture": "#1"}
			}
		},
		{
			"from": [12, 21, 15],
			"to": [13, 21.5, 16],
			"rotation": {"angle": 0, "axis": "y", "origin": [11, 21, 15]},
			"faces": {
				"north": {"uv": [12.25, 15.5, 12.5, 15.625], "texture": "#1"},
				"east": {"uv": [15.5, 12.25, 15.75, 12.375], "texture": "#1"},
				"south": {"uv": [12.5, 15.5, 12.75, 15.625], "texture": "#1"},
				"west": {"uv": [15.5, 12.5, 15.75, 12.625], "texture": "#1"},
				"up": {"uv": [15, 14.25, 14.75, 14], "texture": "#1"},
				"down": {"uv": [15, 14.25, 14.75, 14.5], "texture": "#1"}
			}
		},
		{
			"from": [7, 21, 10],
			"to": [9, 21.6, 11],
			"rotation": {"angle": 0, "axis": "y", "origin": [6, 21, 10]},
			"faces": {
				"north": {"uv": [14.5, 14.75, 15, 14.875], "texture": "#1"},
				"east": {"uv": [12.75, 15.5, 13, 15.625], "texture": "#1"},
				"south": {"uv": [14.75, 14.5, 15.25, 14.625], "texture": "#1"},
				"west": {"uv": [15.5, 12.75, 15.75, 12.875], "texture": "#1"},
				"up": {"uv": [14.5, 14, 14, 13.75], "texture": "#1"},
				"down": {"uv": [14.5, 14, 14, 14.25], "texture": "#1"}
			}
		},
		{
			"from": [7, 21, 9],
			"to": [9, 21.9, 10],
			"rotation": {"angle": 0, "axis": "y", "origin": [6, 21, 9]},
			"faces": {
				"north": {"uv": [0, 14.25, 0.5, 14.5], "texture": "#1"},
				"east": {"uv": [15, 0, 15.25, 0.25], "texture": "#1"},
				"south": {"uv": [0.5, 14.25, 1, 14.5], "texture": "#1"},
				"west": {"uv": [15, 0.25, 15.25, 0.5], "texture": "#1"},
				"up": {"uv": [14.75, 0.75, 14.25, 0.5], "texture": "#1"},
				"down": {"uv": [1.5, 14.25, 1, 14.5], "texture": "#1"}
			}
		},
		{
			"from": [1, 21, 7],
			"to": [3, 22, 8],
			"rotation": {"angle": 0, "axis": "y", "origin": [0, 21, 7]},
			"faces": {
				"north": {"uv": [1.5, 14.25, 2, 14.5], "texture": "#1"},
				"east": {"uv": [15, 0.5, 15.25, 0.75], "texture": "#1"},
				"south": {"uv": [2, 14.25, 2.5, 14.5], "texture": "#1"},
				"west": {"uv": [15, 0.75, 15.25, 1], "texture": "#1"},
				"up": {"uv": [3, 14.5, 2.5, 14.25], "texture": "#1"},
				"down": {"uv": [3.5, 14.25, 3, 14.5], "texture": "#1"}
			}
		},
		{
			"from": [1, 21, 8],
			"to": [13, 22, 9],
			"rotation": {"angle": 0, "axis": "y", "origin": [0, 21, 8]},
			"faces": {
				"north": {"uv": [10, 0, 13, 0.25], "texture": "#1"},
				"east": {"uv": [15, 1, 15.25, 1.25], "texture": "#1"},
				"south": {"uv": [10, 0.25, 13, 0.5], "texture": "#1"},
				"west": {"uv": [15, 1.25, 15.25, 1.5], "texture": "#1"},
				"up": {"uv": [7, 11, 4, 10.75], "texture": "#1"},
				"down": {"uv": [13.75, 4, 10.75, 4.25], "texture": "#1"}
			}
		},
		{
			"from": [1, 21, 9],
			"to": [7, 22, 10],
			"rotation": {"angle": 0, "axis": "y", "origin": [0, 21, 9]},
			"faces": {
				"north": {"uv": [0, 12.25, 1.5, 12.5], "texture": "#1"},
				"east": {"uv": [15, 1.5, 15.25, 1.75], "texture": "#1"},
				"south": {"uv": [10, 13, 11.5, 13.25], "texture": "#1"},
				"west": {"uv": [15, 1.75, 15.25, 2], "texture": "#1"},
				"up": {"uv": [1.5, 13.5, 0, 13.25], "texture": "#1"},
				"down": {"uv": [14.75, 0.75, 13.25, 1], "texture": "#1"}
			}
		},
		{
			"from": [0, 21, 10],
			"to": [7, 22, 11],
			"rotation": {"angle": 0, "axis": "y", "origin": [-1, 21, 10]},
			"faces": {
				"north": {"uv": [12, 10, 13.75, 10.25], "texture": "#1"},
				"east": {"uv": [15, 2, 15.25, 2.25], "texture": "#1"},
				"south": {"uv": [12, 10.25, 13.75, 10.5], "texture": "#1"},
				"west": {"uv": [15, 2.25, 15.25, 2.5], "texture": "#1"},
				"up": {"uv": [13.75, 10.75, 12, 10.5], "texture": "#1"},
				"down": {"uv": [13.75, 10.75, 12, 11], "texture": "#1"}
			}
		},
		{
			"from": [0, 21, 11],
			"to": [6, 22, 12],
			"rotation": {"angle": 0, "axis": "y", "origin": [-1, 21, 11]},
			"faces": {
				"north": {"uv": [13.25, 1, 14.75, 1.25], "texture": "#1"},
				"east": {"uv": [15, 2.5, 15.25, 2.75], "texture": "#1"},
				"south": {"uv": [5.25, 13.25, 6.75, 13.5], "texture": "#1"},
				"west": {"uv": [15, 2.75, 15.25, 3], "texture": "#1"},
				"up": {"uv": [11.5, 13.5, 10, 13.25], "texture": "#1"},
				"down": {"uv": [13, 13.25, 11.5, 13.5], "texture": "#1"}
			}
		},
		{
			"from": [0, 21, 12],
			"to": [5, 22, 13],
			"rotation": {"angle": 0, "axis": "y", "origin": [-1, 21, 12]},
			"faces": {
				"north": {"uv": [13.5, 13.5, 14.75, 13.75], "texture": "#1"},
				"east": {"uv": [15, 3, 15.25, 3.25], "texture": "#1"},
				"south": {"uv": [0, 13.75, 1.25, 14], "texture": "#1"},
				"west": {"uv": [15, 3.25, 15.25, 3.5], "texture": "#1"},
				"up": {"uv": [15, 0.25, 13.75, 0], "texture": "#1"},
				"down": {"uv": [15, 0.25, 13.75, 0.5], "texture": "#1"}
			}
		},
		{
			"from": [-1, 21, 13],
			"to": [1, 22, 14],
			"rotation": {"angle": 0, "axis": "y", "origin": [-2, 21, 13]},
			"faces": {
				"north": {"uv": [3.5, 14.25, 4, 14.5], "texture": "#1"},
				"east": {"uv": [15, 3.5, 15.25, 3.75], "texture": "#1"},
				"south": {"uv": [4, 14.25, 4.5, 14.5], "texture": "#1"},
				"west": {"uv": [15, 3.75, 15.25, 4], "texture": "#1"},
				"up": {"uv": [5, 14.5, 4.5, 14.25], "texture": "#1"},
				"down": {"uv": [5.5, 14.25, 5, 14.5], "texture": "#1"}
			}
		},
		{
			"from": [-1, 21, 14],
			"to": [1, 22, 15],
			"rotation": {"angle": 0, "axis": "y", "origin": [-2, 21, 14]},
			"faces": {
				"north": {"uv": [5.5, 14.25, 6, 14.5], "texture": "#1"},
				"east": {"uv": [15, 4, 15.25, 4.25], "texture": "#1"},
				"south": {"uv": [6, 14.25, 6.5, 14.5], "texture": "#1"},
				"west": {"uv": [4.25, 15, 4.5, 15.25], "texture": "#1"},
				"up": {"uv": [7, 14.5, 6.5, 14.25], "texture": "#1"},
				"down": {"uv": [7.5, 14.25, 7, 14.5], "texture": "#1"}
			}
		},
		{
			"from": [1, 21, 14],
			"to": [3, 22, 15],
			"rotation": {"angle": 0, "axis": "y", "origin": [0, 21, 14]},
			"faces": {
				"north": {"uv": [7.5, 14.25, 8, 14.5], "texture": "#1"},
				"east": {"uv": [15, 4.25, 15.25, 4.5], "texture": "#1"},
				"south": {"uv": [8, 14.25, 8.5, 14.5], "texture": "#1"},
				"west": {"uv": [4.5, 15, 4.75, 15.25], "texture": "#1"},
				"up": {"uv": [9, 14.5, 8.5, 14.25], "texture": "#1"},
				"down": {"uv": [9.5, 14.25, 9, 14.5], "texture": "#1"}
			}
		},
		{
			"from": [3, 21, 14],
			"to": [5, 22, 15],
			"rotation": {"angle": 0, "axis": "y", "origin": [2, 21, 14]},
			"faces": {
				"north": {"uv": [9.5, 14.25, 10, 14.5], "texture": "#1"},
				"east": {"uv": [15, 4.5, 15.25, 4.75], "texture": "#1"},
				"south": {"uv": [10, 14.25, 10.5, 14.5], "texture": "#1"},
				"west": {"uv": [4.75, 15, 5, 15.25], "texture": "#1"},
				"up": {"uv": [11, 14.5, 10.5, 14.25], "texture": "#1"},
				"down": {"uv": [11.5, 14.25, 11, 14.5], "texture": "#1"}
			}
		},
		{
			"from": [1, 21, 13],
			"to": [5, 22, 14],
			"rotation": {"angle": 0, "axis": "y", "origin": [0, 21, 13]},
			"faces": {
				"north": {"uv": [10.5, 12, 11.5, 12.25], "texture": "#1"},
				"east": {"uv": [15, 4.75, 15.25, 5], "texture": "#1"},
				"south": {"uv": [3.75, 13.75, 4.75, 14], "texture": "#1"},
				"west": {"uv": [5, 15, 5.25, 15.25], "texture": "#1"},
				"up": {"uv": [14.75, 4.25, 13.75, 4], "texture": "#1"},
				"down": {"uv": [14.75, 4.25, 13.75, 4.5], "texture": "#1"}
			}
		},
		{
			"from": [5, 21, 4],
			"to": [6, 21.7, 5],
			"rotation": {"angle": 0, "axis": "y", "origin": [3, 21, 4]},
			"faces": {
				"north": {"uv": [13, 15.5, 13.25, 15.625], "texture": "#1"},
				"east": {"uv": [15.5, 13, 15.75, 13.125], "texture": "#1"},
				"south": {"uv": [13.25, 15.5, 13.5, 15.625], "texture": "#1"},
				"west": {"uv": [15.5, 13.25, 15.75, 13.375], "texture": "#1"},
				"up": {"uv": [15.25, 5.25, 15, 5], "texture": "#1"},
				"down": {"uv": [5.5, 15, 5.25, 15.25], "texture": "#1"}
			}
		},
		{
			"from": [10, 21, 4],
			"to": [11, 21.7, 5],
			"rotation": {"angle": 0, "axis": "y", "origin": [8, 21, 4]},
			"faces": {
				"north": {"uv": [13.5, 15.5, 13.75, 15.625], "texture": "#1"},
				"east": {"uv": [15.5, 13.5, 15.75, 13.625], "texture": "#1"},
				"south": {"uv": [13.75, 15.5, 14, 15.625], "texture": "#1"},
				"west": {"uv": [15.5, 13.75, 15.75, 13.875], "texture": "#1"},
				"up": {"uv": [15.25, 5.5, 15, 5.25], "texture": "#1"},
				"down": {"uv": [5.75, 15, 5.5, 15.25], "texture": "#1"}
			}
		},
		{
			"from": [6, 21, 4],
			"to": [7, 21.4, 5],
			"rotation": {"angle": 0, "axis": "y", "origin": [4, 21, 4]},
			"faces": {
				"north": {"uv": [14, 15.5, 14.25, 15.625], "texture": "#1"},
				"east": {"uv": [15.5, 14, 15.75, 14.125], "texture": "#1"},
				"south": {"uv": [14.25, 15.5, 14.5, 15.625], "texture": "#1"},
				"west": {"uv": [15.5, 14.25, 15.75, 14.375], "texture": "#1"},
				"up": {"uv": [15.25, 5.75, 15, 5.5], "texture": "#1"},
				"down": {"uv": [6, 15, 5.75, 15.25], "texture": "#1"}
			}
		},
		{
			"from": [9, 21, 4],
			"to": [10, 21.4, 5],
			"rotation": {"angle": 0, "axis": "y", "origin": [7, 21, 4]},
			"faces": {
				"north": {"uv": [14.5, 15.5, 14.75, 15.625], "texture": "#1"},
				"east": {"uv": [15.5, 14.5, 15.75, 14.625], "texture": "#1"},
				"south": {"uv": [14.75, 15.5, 15, 15.625], "texture": "#1"},
				"west": {"uv": [15.5, 14.75, 15.75, 14.875], "texture": "#1"},
				"up": {"uv": [15.25, 6, 15, 5.75], "texture": "#1"},
				"down": {"uv": [6.25, 15, 6, 15.25], "texture": "#1"}
			}
		},
		{
			"from": [8, 21, 5],
			"to": [9, 21.4, 6],
			"rotation": {"angle": 0, "axis": "y", "origin": [6, 21, 5]},
			"faces": {
				"north": {"uv": [15, 15.5, 15.25, 15.625], "texture": "#1"},
				"east": {"uv": [15.5, 15, 15.75, 15.125], "texture": "#1"},
				"south": {"uv": [15.25, 15.5, 15.5, 15.625], "texture": "#1"},
				"west": {"uv": [15.5, 15.25, 15.75, 15.375], "texture": "#1"},
				"up": {"uv": [15.25, 6.25, 15, 6], "texture": "#1"},
				"down": {"uv": [6.5, 15, 6.25, 15.25], "texture": "#1"}
			}
		},
		{
			"from": [7, 21, 5],
			"to": [8, 21.4, 6],
			"rotation": {"angle": 0, "axis": "y", "origin": [5, 21, 5]},
			"faces": {
				"north": {"uv": [15.5, 15.5, 15.75, 15.625], "texture": "#1"},
				"east": {"uv": [0, 15.75, 0.25, 15.875], "texture": "#1"},
				"south": {"uv": [15.75, 0, 16, 0.125], "texture": "#1"},
				"west": {"uv": [0.25, 15.75, 0.5, 15.875], "texture": "#1"},
				"up": {"uv": [15.25, 6.5, 15, 6.25], "texture": "#1"},
				"down": {"uv": [6.75, 15, 6.5, 15.25], "texture": "#1"}
			}
		},
		{
			"from": [-1, 21, 15],
			"to": [1, 22, 16],
			"rotation": {"angle": 0, "axis": "y", "origin": [-2, 21, 15]},
			"faces": {
				"north": {"uv": [11.5, 14.25, 12, 14.5], "texture": "#1"},
				"east": {"uv": [15, 6.5, 15.25, 6.75], "texture": "#1"},
				"south": {"uv": [12, 14.25, 12.5, 14.5], "texture": "#1"},
				"west": {"uv": [6.75, 15, 7, 15.25], "texture": "#1"},
				"up": {"uv": [14.75, 12.25, 14.25, 12], "texture": "#1"},
				"down": {"uv": [13, 14.25, 12.5, 14.5], "texture": "#1"}
			}
		},
		{
			"from": [1, 21, 15],
			"to": [3, 22, 16],
			"rotation": {"angle": 0, "axis": "y", "origin": [0, 21, 15]},
			"faces": {
				"north": {"uv": [13, 14.25, 13.5, 14.5], "texture": "#1"},
				"east": {"uv": [15, 6.75, 15.25, 7], "texture": "#1"},
				"south": {"uv": [13.5, 14.25, 14, 14.5], "texture": "#1"},
				"west": {"uv": [7, 15, 7.25, 15.25], "texture": "#1"},
				"up": {"uv": [14.5, 14.5, 14, 14.25], "texture": "#1"},
				"down": {"uv": [0.5, 14.5, 0, 14.75], "texture": "#1"}
			}
		},
		{
			"from": [13, 21, 15],
			"to": [15, 22, 16],
			"rotation": {"angle": 0, "axis": "y", "origin": [12, 21, 15]},
			"faces": {
				"north": {"uv": [0.5, 14.5, 1, 14.75], "texture": "#1"},
				"east": {"uv": [15, 7, 15.25, 7.25], "texture": "#1"},
				"south": {"uv": [1, 14.5, 1.5, 14.75], "texture": "#1"},
				"west": {"uv": [7.25, 15, 7.5, 15.25], "texture": "#1"},
				"up": {"uv": [2, 14.75, 1.5, 14.5], "texture": "#1"},
				"down": {"uv": [2.5, 14.5, 2, 14.75], "texture": "#1"}
			}
		},
		{
			"from": [15, 21, 15],
			"to": [17, 22, 16],
			"rotation": {"angle": 0, "axis": "y", "origin": [14, 21, 15]},
			"faces": {
				"north": {"uv": [2.5, 14.5, 3, 14.75], "texture": "#1"},
				"east": {"uv": [15, 7.25, 15.25, 7.5], "texture": "#1"},
				"south": {"uv": [3, 14.5, 3.5, 14.75], "texture": "#1"},
				"west": {"uv": [7.5, 15, 7.75, 15.25], "texture": "#1"},
				"up": {"uv": [15, 3.25, 14.5, 3], "texture": "#1"},
				"down": {"uv": [15, 3.25, 14.5, 3.5], "texture": "#1"}
			}
		},
		{
			"from": [15, 21, 14],
			"to": [17, 22, 15],
			"rotation": {"angle": 0, "axis": "y", "origin": [14, 21, 14]},
			"faces": {
				"north": {"uv": [3.5, 14.5, 4, 14.75], "texture": "#1"},
				"east": {"uv": [15, 7.5, 15.25, 7.75], "texture": "#1"},
				"south": {"uv": [14.5, 3.5, 15, 3.75], "texture": "#1"},
				"west": {"uv": [7.75, 15, 8, 15.25], "texture": "#1"},
				"up": {"uv": [15, 4, 14.5, 3.75], "texture": "#1"},
				"down": {"uv": [4.5, 14.5, 4, 14.75], "texture": "#1"}
			}
		},
		{
			"from": [15, 21, 13],
			"to": [17, 22, 14],
			"rotation": {"angle": 0, "axis": "y", "origin": [14, 21, 13]},
			"faces": {
				"north": {"uv": [4.5, 14.5, 5, 14.75], "texture": "#1"},
				"east": {"uv": [15, 7.75, 15.25, 8], "texture": "#1"},
				"south": {"uv": [5, 14.5, 5.5, 14.75], "texture": "#1"},
				"west": {"uv": [8, 15, 8.25, 15.25], "texture": "#1"},
				"up": {"uv": [6, 14.75, 5.5, 14.5], "texture": "#1"},
				"down": {"uv": [6.5, 14.5, 6, 14.75], "texture": "#1"}
			}
		},
		{
			"from": [11, 21, 12],
			"to": [16, 22, 13],
			"rotation": {"angle": 0, "axis": "y", "origin": [13, 21, 12]},
			"faces": {
				"north": {"uv": [1.25, 13.75, 2.5, 14], "texture": "#1"},
				"east": {"uv": [15, 8, 15.25, 8.25], "texture": "#1"},
				"south": {"uv": [13.75, 1.25, 15, 1.5], "texture": "#1"},
				"west": {"uv": [8.25, 15, 8.5, 15.25], "texture": "#1"},
				"up": {"uv": [15, 1.75, 13.75, 1.5], "texture": "#1"},
				"down": {"uv": [15, 1.75, 13.75, 2], "texture": "#1"}
			}
		},
		{
			"from": [10, 21, 11],
			"to": [16, 22, 12],
			"rotation": {"angle": 0, "axis": "y", "origin": [13, 21, 11]},
			"faces": {
				"north": {"uv": [13, 13.25, 14.5, 13.5], "texture": "#1"},
				"east": {"uv": [15, 8.25, 15.25, 8.5], "texture": "#1"},
				"south": {"uv": [0, 13.5, 1.5, 13.75], "texture": "#1"},
				"west": {"uv": [8.5, 15, 8.75, 15.25], "texture": "#1"},
				"up": {"uv": [3, 13.75, 1.5, 13.5], "texture": "#1"},
				"down": {"uv": [15, 2.75, 13.5, 3], "texture": "#1"}
			}
		},
		{
			"from": [9, 21, 10],
			"to": [15, 22, 11],
			"rotation": {"angle": 0, "axis": "y", "origin": [12, 21, 10]},
			"faces": {
				"north": {"uv": [3, 13.5, 4.5, 13.75], "texture": "#1"},
				"east": {"uv": [15, 8.5, 15.25, 8.75], "texture": "#1"},
				"south": {"uv": [4.5, 13.5, 6, 13.75], "texture": "#1"},
				"west": {"uv": [8.75, 15, 9, 15.25], "texture": "#1"},
				"up": {"uv": [15, 5.5, 13.5, 5.25], "texture": "#1"},
				"down": {"uv": [15, 5.5, 13.5, 5.75], "texture": "#1"}
			}
		},
		{
			"from": [9, 21, 9],
			"to": [15, 22, 10],
			"rotation": {"angle": 0, "axis": "y", "origin": [12, 21, 9]},
			"faces": {
				"north": {"uv": [13.5, 5.75, 15, 6], "texture": "#1"},
				"east": {"uv": [15, 8.75, 15.25, 9], "texture": "#1"},
				"south": {"uv": [6, 13.5, 7.5, 13.75], "texture": "#1"},
				"west": {"uv": [9, 15, 9.25, 15.25], "texture": "#1"},
				"up": {"uv": [15, 6.25, 13.5, 6], "texture": "#1"},
				"down": {"uv": [15, 6.25, 13.5, 6.5], "texture": "#1"}
			}
		},
		{
			"from": [13, 21, 8],
			"to": [15, 22, 9],
			"rotation": {"angle": 0, "axis": "y", "origin": [12, 21, 8]},
			"faces": {
				"north": {"uv": [6.5, 14.5, 7, 14.75], "texture": "#1"},
				"east": {"uv": [15, 9, 15.25, 9.25], "texture": "#1"},
				"south": {"uv": [7, 14.5, 7.5, 14.75], "texture": "#1"},
				"west": {"uv": [9.25, 15, 9.5, 15.25], "texture": "#1"},
				"up": {"uv": [15, 7.5, 14.5, 7.25], "texture": "#1"},
				"down": {"uv": [8, 14.5, 7.5, 14.75], "texture": "#1"}
			}
		},
		{
			"from": [3, 21, 7],
			"to": [15, 22, 8],
			"rotation": {"angle": 0, "axis": "y", "origin": [12, 21, 7]},
			"faces": {
				"north": {"uv": [10.75, 4.25, 13.75, 4.5], "texture": "#1"},
				"east": {"uv": [15, 9.25, 15.25, 9.5], "texture": "#1"},
				"south": {"uv": [10.75, 4.5, 13.75, 4.75], "texture": "#1"},
				"west": {"uv": [9.5, 15, 9.75, 15.25], "texture": "#1"},
				"up": {"uv": [13.75, 5, 10.75, 4.75], "texture": "#1"},
				"down": {"uv": [13.75, 5, 10.75, 5.25], "texture": "#1"}
			}
		},
		{
			"from": [11, 21, 13],
			"to": [15, 22, 14],
			"rotation": {"angle": 0, "axis": "y", "origin": [12, 21, 13]},
			"faces": {
				"north": {"uv": [13.75, 4.5, 14.75, 4.75], "texture": "#1"},
				"east": {"uv": [15, 9.5, 15.25, 9.75], "texture": "#1"},
				"south": {"uv": [4.75, 13.75, 5.75, 14], "texture": "#1"},
				"west": {"uv": [9.75, 15, 10, 15.25], "texture": "#1"},
				"up": {"uv": [14.75, 5, 13.75, 4.75], "texture": "#1"},
				"down": {"uv": [14.75, 5, 13.75, 5.25], "texture": "#1"}
			}
		},
		{
			"from": [13, 21, 14],
			"to": [15, 22, 15],
			"rotation": {"angle": 0, "axis": "y", "origin": [12, 21, 14]},
			"faces": {
				"north": {"uv": [14.5, 7.5, 15, 7.75], "texture": "#1"},
				"east": {"uv": [15, 9.75, 15.25, 10], "texture": "#1"},
				"south": {"uv": [14.5, 7.75, 15, 8], "texture": "#1"},
				"west": {"uv": [10, 15, 10.25, 15.25], "texture": "#1"},
				"up": {"uv": [8.5, 14.75, 8, 14.5], "texture": "#1"},
				"down": {"uv": [15, 8, 14.5, 8.25], "texture": "#1"}
			}
		},
		{
			"from": [11, 21, 14],
			"to": [13, 22, 15],
			"rotation": {"angle": 0, "axis": "y", "origin": [10, 21, 14]},
			"faces": {
				"north": {"uv": [14.5, 8.25, 15, 8.5], "texture": "#1"},
				"east": {"uv": [15, 10, 15.25, 10.25], "texture": "#1"},
				"south": {"uv": [8.5, 14.5, 9, 14.75], "texture": "#1"},
				"west": {"uv": [10.25, 15, 10.5, 15.25], "texture": "#1"},
				"up": {"uv": [15, 8.75, 14.5, 8.5], "texture": "#1"},
				"down": {"uv": [15, 8.75, 14.5, 9], "texture": "#1"}
			}
		},
		{
			"from": [14, 21, 16],
			"to": [17, 21.7, 17],
			"rotation": {"angle": 0, "axis": "y", "origin": [13, 21, 16]},
			"faces": {
				"north": {"uv": [11.75, 14.5, 12.5, 14.625], "texture": "#1"},
				"east": {"uv": [15.75, 0.25, 16, 0.375], "texture": "#1"},
				"south": {"uv": [12.5, 14.5, 13.25, 14.625], "texture": "#1"},
				"west": {"uv": [0.5, 15.75, 0.75, 15.875], "texture": "#1"},
				"up": {"uv": [2.25, 13.5, 1.5, 13.25], "texture": "#1"},
				"down": {"uv": [14.5, 11.5, 13.75, 11.75], "texture": "#1"}
			}
		},
		{
			"from": [3, 21, 15],
			"to": [5, 21.4, 16],
			"rotation": {"angle": 0, "axis": "y", "origin": [2, 21, 15]},
			"faces": {
				"north": {"uv": [15, 10.25, 15.5, 10.375], "texture": "#1"},
				"east": {"uv": [15.75, 0.5, 16, 0.625], "texture": "#1"},
				"south": {"uv": [10.5, 15, 11, 15.125], "texture": "#1"},
				"west": {"uv": [0.75, 15.75, 1, 15.875], "texture": "#1"},
				"up": {"uv": [9.5, 14.75, 9, 14.5], "texture": "#1"},
				"down": {"uv": [15, 9, 14.5, 9.25], "texture": "#1"}
			}
		},
		{
			"from": [5, 21, 15],
			"to": [6, 21.1, 16],
			"rotation": {"angle": 0, "axis": "y", "origin": [3, 21, 15]},
			"faces": {
				"north": {"uv": [15.75, 0.75, 16, 0.875], "texture": "#1"},
				"east": {"uv": [1, 15.75, 1.25, 15.875], "texture": "#1"},
				"south": {"uv": [15.75, 1, 16, 1.125], "texture": "#1"},
				"west": {"uv": [1.25, 15.75, 1.5, 15.875], "texture": "#1"},
				"up": {"uv": [15.25, 10.75, 15, 10.5], "texture": "#1"},
				"down": {"uv": [11.25, 15, 11, 15.25], "texture": "#1"}
			}
		},
		{
			"from": [5, 21, 14],
			"to": [6, 21.6, 15],
			"rotation": {"angle": 0, "axis": "y", "origin": [3, 21, 14]},
			"faces": {
				"north": {"uv": [15.75, 1.25, 16, 1.375], "texture": "#1"},
				"east": {"uv": [1.5, 15.75, 1.75, 15.875], "texture": "#1"},
				"south": {"uv": [15.75, 1.5, 16, 1.625], "texture": "#1"},
				"west": {"uv": [1.75, 15.75, 2, 15.875], "texture": "#1"},
				"up": {"uv": [11.5, 15.25, 11.25, 15], "texture": "#1"},
				"down": {"uv": [15.25, 11.25, 15, 11.5], "texture": "#1"}
			}
		},
		{
			"from": [5, 21, 13],
			"to": [6, 21.6, 14],
			"rotation": {"angle": 0, "axis": "y", "origin": [3, 21, 13]},
			"faces": {
				"north": {"uv": [15.75, 1.75, 16, 1.875], "texture": "#1"},
				"east": {"uv": [2, 15.75, 2.25, 15.875], "texture": "#1"},
				"south": {"uv": [15.75, 2, 16, 2.125], "texture": "#1"},
				"west": {"uv": [2.25, 15.75, 2.5, 15.875], "texture": "#1"},
				"up": {"uv": [11.75, 15.25, 11.5, 15], "texture": "#1"},
				"down": {"uv": [15.25, 11.5, 15, 11.75], "texture": "#1"}
			}
		},
		{
			"from": [5, 21, 12],
			"to": [6, 21.6, 13],
			"rotation": {"angle": 0, "axis": "y", "origin": [3, 21, 12]},
			"faces": {
				"north": {"uv": [15.75, 2.25, 16, 2.375], "texture": "#1"},
				"east": {"uv": [2.5, 15.75, 2.75, 15.875], "texture": "#1"},
				"south": {"uv": [15.75, 2.5, 16, 2.625], "texture": "#1"},
				"west": {"uv": [2.75, 15.75, 3, 15.875], "texture": "#1"},
				"up": {"uv": [12, 15.25, 11.75, 15], "texture": "#1"},
				"down": {"uv": [15.25, 11.75, 15, 12], "texture": "#1"}
			}
		},
		{
			"from": [10, 21, 12],
			"to": [11, 21.6, 13],
			"rotation": {"angle": 0, "axis": "y", "origin": [8, 21, 12]},
			"faces": {
				"north": {"uv": [15.75, 2.75, 16, 2.875], "texture": "#1"},
				"east": {"uv": [3, 15.75, 3.25, 15.875], "texture": "#1"},
				"south": {"uv": [15.75, 3, 16, 3.125], "texture": "#1"},
				"west": {"uv": [3.25, 15.75, 3.5, 15.875], "texture": "#1"},
				"up": {"uv": [12.25, 15.25, 12, 15], "texture": "#1"},
				"down": {"uv": [15.25, 12, 15, 12.25], "texture": "#1"}
			}
		},
		{
			"from": [9, 21, 11],
			"to": [10, 21.6, 12],
			"rotation": {"angle": 0, "axis": "y", "origin": [7, 21, 11]},
			"faces": {
				"north": {"uv": [15.75, 3.25, 16, 3.375], "texture": "#1"},
				"east": {"uv": [3.5, 15.75, 3.75, 15.875], "texture": "#1"},
				"south": {"uv": [15.75, 3.5, 16, 3.625], "texture": "#1"},
				"west": {"uv": [3.75, 15.75, 4, 15.875], "texture": "#1"},
				"up": {"uv": [12.5, 15.25, 12.25, 15], "texture": "#1"},
				"down": {"uv": [15.25, 12.25, 15, 12.5], "texture": "#1"}
			}
		},
		{
			"from": [6, 21, 11],
			"to": [7, 21.6, 12],
			"rotation": {"angle": 0, "axis": "y", "origin": [4, 21, 11]},
			"faces": {
				"north": {"uv": [15.75, 3.75, 16, 3.875], "texture": "#1"},
				"east": {"uv": [4, 15.75, 4.25, 15.875], "texture": "#1"},
				"south": {"uv": [15.75, 4, 16, 4.125], "texture": "#1"},
				"west": {"uv": [4.25, 15.75, 4.5, 15.875], "texture": "#1"},
				"up": {"uv": [12.75, 15.25, 12.5, 15], "texture": "#1"},
				"down": {"uv": [15.25, 12.5, 15, 12.75], "texture": "#1"}
			}
		},
		{
			"from": [10, 21, 13],
			"to": [11, 21.6, 14],
			"rotation": {"angle": 0, "axis": "y", "origin": [8, 21, 13]},
			"faces": {
				"north": {"uv": [15.75, 4.25, 16, 4.375], "texture": "#1"},
				"east": {"uv": [4.5, 15.75, 4.75, 15.875], "texture": "#1"},
				"south": {"uv": [15.75, 4.5, 16, 4.625], "texture": "#1"},
				"west": {"uv": [4.75, 15.75, 5, 15.875], "texture": "#1"},
				"up": {"uv": [13, 15.25, 12.75, 15], "texture": "#1"},
				"down": {"uv": [15.25, 12.75, 15, 13], "texture": "#1"}
			}
		},
		{
			"from": [10, 21, 14],
			"to": [11, 21.6, 15],
			"rotation": {"angle": 0, "axis": "y", "origin": [8, 21, 14]},
			"faces": {
				"north": {"uv": [15.75, 4.75, 16, 4.875], "texture": "#1"},
				"east": {"uv": [5, 15.75, 5.25, 15.875], "texture": "#1"},
				"south": {"uv": [15.75, 5, 16, 5.125], "texture": "#1"},
				"west": {"uv": [5.25, 15.75, 5.5, 15.875], "texture": "#1"},
				"up": {"uv": [13.25, 15.25, 13, 15], "texture": "#1"},
				"down": {"uv": [15.25, 13, 15, 13.25], "texture": "#1"}
			}
		},
		{
			"from": [11, 21, 4],
			"to": [13, 22, 5],
			"rotation": {"angle": 0, "axis": "y", "origin": [10, 21, 4]},
			"faces": {
				"north": {"uv": [14.5, 9.25, 15, 9.5], "texture": "#1"},
				"east": {"uv": [13.25, 15, 13.5, 15.25], "texture": "#1"},
				"south": {"uv": [9.5, 14.5, 10, 14.75], "texture": "#1"},
				"west": {"uv": [15, 13.25, 15.25, 13.5], "texture": "#1"},
				"up": {"uv": [15, 9.75, 14.5, 9.5], "texture": "#1"},
				"down": {"uv": [15, 9.75, 14.5, 10], "texture": "#1"}
			}
		},
		{
			"from": [2, 20, 5],
			"to": [13, 21, 6],
			"rotation": {"angle": 0, "axis": "y", "origin": [1, 20, 5]},
			"faces": {
				"north": {"uv": [10.75, 5.25, 13.5, 5.5], "texture": "#1"},
				"east": {"uv": [13.5, 15, 13.75, 15.25], "texture": "#1"},
				"south": {"uv": [10.75, 5.5, 13.5, 5.75], "texture": "#1"},
				"west": {"uv": [15, 13.5, 15.25, 13.75], "texture": "#1"},
				"up": {"uv": [13.5, 6, 10.75, 5.75], "texture": "#1"},
				"down": {"uv": [13.5, 6, 10.75, 6.25], "texture": "#1"}
			}
		},
		{
			"from": [2, 20, 6],
			"to": [13, 21, 7],
			"rotation": {"angle": 0, "axis": "y", "origin": [1, 20, 6]},
			"faces": {
				"north": {"uv": [10.75, 6.25, 13.5, 6.5], "texture": "#1"},
				"east": {"uv": [13.75, 15, 14, 15.25], "texture": "#1"},
				"south": {"uv": [10.75, 6.5, 13.5, 6.75], "texture": "#1"},
				"west": {"uv": [15, 13.75, 15.25, 14], "texture": "#1"},
				"up": {"uv": [13.5, 7, 10.75, 6.75], "texture": "#1"},
				"down": {"uv": [13.5, 7, 10.75, 7.25], "texture": "#1"}
			}
		},
		{
			"from": [1, 20, 7],
			"to": [15, 21, 8],
			"rotation": {"angle": 0, "axis": "y", "origin": [0, 20, 7]},
			"faces": {
				"north": {"uv": [8, 2.75, 11.5, 3], "texture": "#1"},
				"east": {"uv": [14, 15, 14.25, 15.25], "texture": "#1"},
				"south": {"uv": [3, 9.25, 6.5, 9.5], "texture": "#1"},
				"west": {"uv": [15, 14, 15.25, 14.25], "texture": "#1"},
				"up": {"uv": [13, 1.75, 9.5, 1.5], "texture": "#1"},
				"down": {"uv": [13, 1.75, 9.5, 2], "texture": "#1"}
			}
		},
		{
			"from": [1, 20, 8],
			"to": [15, 21, 9],
			"rotation": {"angle": 0, "axis": "y", "origin": [0, 20, 8]},
			"faces": {
				"north": {"uv": [9.5, 2, 13, 2.25], "texture": "#1"},
				"east": {"uv": [14.25, 15, 14.5, 15.25], "texture": "#1"},
				"south": {"uv": [9.5, 2.25, 13, 2.5], "texture": "#1"},
				"west": {"uv": [15, 14.25, 15.25, 14.5], "texture": "#1"},
				"up": {"uv": [13, 2.75, 9.5, 2.5], "texture": "#1"},
				"down": {"uv": [6.5, 9.5, 3, 9.75], "texture": "#1"}
			}
		},
		{
			"from": [1, 20, 9],
			"to": [15, 21, 10],
			"rotation": {"angle": 0, "axis": "y", "origin": [0, 20, 9]},
			"faces": {
				"north": {"uv": [9.5, 3, 13, 3.25], "texture": "#1"},
				"east": {"uv": [14.5, 15, 14.75, 15.25], "texture": "#1"},
				"south": {"uv": [9.5, 3.25, 13, 3.5], "texture": "#1"},
				"west": {"uv": [14.75, 15, 15, 15.25], "texture": "#1"},
				"up": {"uv": [13, 3.75, 9.5, 3.5], "texture": "#1"},
				"down": {"uv": [13, 3.75, 9.5, 4], "texture": "#1"}
			}
		},
		{
			"from": [0, 20, 10],
			"to": [16, 21, 11],
			"rotation": {"angle": 0, "axis": "y", "origin": [-1, 20, 10]},
			"faces": {
				"north": {"uv": [8, 0.5, 12, 0.75], "texture": "#1"},
				"east": {"uv": [15, 14.75, 15.25, 15], "texture": "#1"},
				"south": {"uv": [8, 0.75, 12, 1], "texture": "#1"},
				"west": {"uv": [15, 15, 15.25, 15.25], "texture": "#1"},
				"up": {"uv": [12, 1.25, 8, 1], "texture": "#1"},
				"down": {"uv": [12, 1.25, 8, 1.5], "texture": "#1"}
			}
		},
		{
			"from": [0, 20, 11],
			"to": [8, 21, 12],
			"rotation": {"angle": 0, "axis": "y", "origin": [-1, 20, 11]},
			"faces": {
				"north": {"uv": [11.5, 2.75, 13.5, 3], "texture": "#1"},
				"east": {"uv": [0, 15.25, 0.25, 15.5], "texture": "#1"},
				"south": {"uv": [12, 9.25, 14, 9.5], "texture": "#1"},
				"west": {"uv": [15.25, 0, 15.5, 0.25], "texture": "#1"},
				"up": {"uv": [14, 9.75, 12, 9.5], "texture": "#1"},
				"down": {"uv": [14, 9.75, 12, 10], "texture": "#1"}
			}
		},
		{
			"from": [0, 20, 12],
			"to": [6, 21, 13],
			"rotation": {"angle": 0, "axis": "y", "origin": [-1, 20, 12]},
			"faces": {
				"north": {"uv": [13.5, 6.5, 15, 6.75], "texture": "#1"},
				"east": {"uv": [0.25, 15.25, 0.5, 15.5], "texture": "#1"},
				"south": {"uv": [13.5, 6.75, 15, 7], "texture": "#1"},
				"west": {"uv": [15.25, 0.25, 15.5, 0.5], "texture": "#1"},
				"up": {"uv": [15, 7.25, 13.5, 7], "texture": "#1"},
				"down": {"uv": [9, 13.5, 7.5, 13.75], "texture": "#1"}
			}
		},
		{
			"from": [-1, 20, 13],
			"to": [6, 21, 14],
			"rotation": {"angle": 0, "axis": "y", "origin": [-2, 20, 13]},
			"faces": {
				"north": {"uv": [12, 11, 13.75, 11.25], "texture": "#1"},
				"east": {"uv": [0.5, 15.25, 0.75, 15.5], "texture": "#1"},
				"south": {"uv": [12, 11.25, 13.75, 11.5], "texture": "#1"},
				"west": {"uv": [15.25, 0.5, 15.5, 0.75], "texture": "#1"},
				"up": {"uv": [13.75, 11.75, 12, 11.5], "texture": "#1"},
				"down": {"uv": [13.75, 11.75, 12, 12], "texture": "#1"}
			}
		},
		{
			"from": [-1, 20, 14],
			"to": [6, 21, 15],
			"rotation": {"angle": 0, "axis": "y", "origin": [-2, 20, 14]},
			"faces": {
				"north": {"uv": [12, 12, 13.75, 12.25], "texture": "#1"},
				"east": {"uv": [0.75, 15.25, 1, 15.5], "texture": "#1"},
				"south": {"uv": [2.5, 12.25, 4.25, 12.5], "texture": "#1"},
				"west": {"uv": [15.25, 0.75, 15.5, 1], "texture": "#1"},
				"up": {"uv": [6, 12.5, 4.25, 12.25], "texture": "#1"},
				"down": {"uv": [14, 7.25, 12.25, 7.5], "texture": "#1"}
			}
		},
		{
			"from": [-1, 20, 15],
			"to": [3, 21, 16],
			"rotation": {"angle": 0, "axis": "y", "origin": [-2, 20, 15]},
			"faces": {
				"north": {"uv": [5.75, 13.75, 6.75, 14], "texture": "#1"},
				"east": {"uv": [1, 15.25, 1.25, 15.5], "texture": "#1"},
				"south": {"uv": [6.75, 13.75, 7.75, 14], "texture": "#1"},
				"west": {"uv": [15.25, 1, 15.5, 1.25], "texture": "#1"},
				"up": {"uv": [8.75, 14, 7.75, 13.75], "texture": "#1"},
				"down": {"uv": [9.75, 13.75, 8.75, 14], "texture": "#1"}
			}
		},
		{
			"from": [-1, 20, 16],
			"to": [2, 21.6, 17],
			"rotation": {"angle": 0, "axis": "y", "origin": [-2, 20, 16]},
			"faces": {
				"north": {"uv": [13.75, 3, 14.5, 3.375], "texture": "#1"},
				"east": {"uv": [13.25, 14.5, 13.5, 14.875], "texture": "#1"},
				"south": {"uv": [13.75, 3.5, 14.5, 3.875], "texture": "#1"},
				"west": {"uv": [13.5, 14.5, 13.75, 14.875], "texture": "#1"},
				"up": {"uv": [12.5, 14, 11.75, 13.75], "texture": "#1"},
				"down": {"uv": [14.5, 11.75, 13.75, 12], "texture": "#1"}
			}
		},
		{
			"from": [-2, 20, 17],
			"to": [-1, 21.6, 18],
			"rotation": {"angle": 0, "axis": "y", "origin": [-3, 20, 17]},
			"faces": {
				"north": {"uv": [13.75, 14.5, 14, 14.875], "texture": "#1"},
				"east": {"uv": [14.5, 13.75, 14.75, 14.125], "texture": "#1"},
				"south": {"uv": [14, 14.5, 14.25, 14.875], "texture": "#1"},
				"west": {"uv": [14.25, 14.5, 14.5, 14.875], "texture": "#1"},
				"up": {"uv": [1.5, 15.5, 1.25, 15.25], "texture": "#1"},
				"down": {"uv": [15.5, 1.25, 15.25, 1.5], "texture": "#1"}
			}
		},
		{
			"from": [0, 20, 17],
			"to": [1, 21.5, 18],
			"rotation": {"angle": 0, "axis": "y", "origin": [-1, 20, 17]},
			"faces": {
				"north": {"uv": [14.5, 14.25, 14.75, 14.625], "texture": "#1"},
				"east": {"uv": [0, 14.75, 0.25, 15.125], "texture": "#1"},
				"south": {"uv": [0.25, 14.75, 0.5, 15.125], "texture": "#1"},
				"west": {"uv": [0.5, 14.75, 0.75, 15.125], "texture": "#1"},
				"up": {"uv": [1.75, 15.5, 1.5, 15.25], "texture": "#1"},
				"down": {"uv": [15.5, 1.5, 15.25, 1.75], "texture": "#1"}
			}
		},
		{
			"from": [1, 20, 17],
			"to": [2, 21.3, 18],
			"rotation": {"angle": 0, "axis": "y", "origin": [0, 20, 17]},
			"faces": {
				"north": {"uv": [14.75, 0.5, 15, 0.875], "texture": "#1"},
				"east": {"uv": [0.75, 14.75, 1, 15.125], "texture": "#1"},
				"south": {"uv": [1, 14.75, 1.25, 15.125], "texture": "#1"},
				"west": {"uv": [1.25, 14.75, 1.5, 15.125], "texture": "#1"},
				"up": {"uv": [2, 15.5, 1.75, 15.25], "texture": "#1"},
				"down": {"uv": [15.5, 1.75, 15.25, 2], "texture": "#1"}
			}
		},
		{
			"from": [2, 20, 16],
			"to": [3, 21, 17],
			"rotation": {"angle": 0, "axis": "y", "origin": [1, 20, 16]},
			"faces": {
				"north": {"uv": [2, 15.25, 2.25, 15.5], "texture": "#1"},
				"east": {"uv": [15.25, 2, 15.5, 2.25], "texture": "#1"},
				"south": {"uv": [2.25, 15.25, 2.5, 15.5], "texture": "#1"},
				"west": {"uv": [15.25, 2.25, 15.5, 2.5], "texture": "#1"},
				"up": {"uv": [2.75, 15.5, 2.5, 15.25], "texture": "#1"},
				"down": {"uv": [15.5, 2.5, 15.25, 2.75], "texture": "#1"}
			}
		},
		{
			"from": [3, 20, 15],
			"to": [4, 21, 16],
			"rotation": {"angle": 0, "axis": "y", "origin": [2, 20, 15]},
			"faces": {
				"north": {"uv": [2.75, 15.25, 3, 15.5], "texture": "#1"},
				"east": {"uv": [15.25, 2.75, 15.5, 3], "texture": "#1"},
				"south": {"uv": [3, 15.25, 3.25, 15.5], "texture": "#1"},
				"west": {"uv": [15.25, 3, 15.5, 3.25], "texture": "#1"},
				"up": {"uv": [3.5, 15.5, 3.25, 15.25], "texture": "#1"},
				"down": {"uv": [15.5, 3.25, 15.25, 3.5], "texture": "#1"}
			}
		},
		{
			"from": [4, 20, 15],
			"to": [5, 21, 16],
			"rotation": {"angle": 0, "axis": "y", "origin": [3, 20, 15]},
			"faces": {
				"north": {"uv": [3.5, 15.25, 3.75, 15.5], "texture": "#1"},
				"east": {"uv": [15.25, 3.5, 15.5, 3.75], "texture": "#1"},
				"south": {"uv": [3.75, 15.25, 4, 15.5], "texture": "#1"},
				"west": {"uv": [15.25, 3.75, 15.5, 4], "texture": "#1"},
				"up": {"uv": [4.25, 15.5, 4, 15.25], "texture": "#1"},
				"down": {"uv": [15.5, 4, 15.25, 4.25], "texture": "#1"}
			}
		},
		{
			"from": [5, 20, 15],
			"to": [6, 21, 16],
			"rotation": {"angle": 0, "axis": "y", "origin": [4, 20, 15]},
			"faces": {
				"north": {"uv": [4.25, 15.25, 4.5, 15.5], "texture": "#1"},
				"east": {"uv": [15.25, 4.25, 15.5, 4.5], "texture": "#1"},
				"south": {"uv": [4.5, 15.25, 4.75, 15.5], "texture": "#1"},
				"west": {"uv": [15.25, 4.5, 15.5, 4.75], "texture": "#1"},
				"up": {"uv": [5, 15.5, 4.75, 15.25], "texture": "#1"},
				"down": {"uv": [15.5, 4.75, 15.25, 5], "texture": "#1"}
			}
		},
		{
			"from": [6, 20, 14],
			"to": [7, 21, 15],
			"rotation": {"angle": 0, "axis": "y", "origin": [5, 20, 14]},
			"faces": {
				"north": {"uv": [5, 15.25, 5.25, 15.5], "texture": "#1"},
				"east": {"uv": [15.25, 5, 15.5, 5.25], "texture": "#1"},
				"south": {"uv": [5.25, 15.25, 5.5, 15.5], "texture": "#1"},
				"west": {"uv": [15.25, 5.25, 15.5, 5.5], "texture": "#1"},
				"up": {"uv": [5.75, 15.5, 5.5, 15.25], "texture": "#1"},
				"down": {"uv": [15.5, 5.5, 15.25, 5.75], "texture": "#1"}
			}
		},
		{
			"from": [6, 20, 13],
			"to": [7, 21, 14],
			"rotation": {"angle": 0, "axis": "y", "origin": [5, 20, 13]},
			"faces": {
				"north": {"uv": [5.75, 15.25, 6, 15.5], "texture": "#1"},
				"east": {"uv": [15.25, 5.75, 15.5, 6], "texture": "#1"},
				"south": {"uv": [6, 15.25, 6.25, 15.5], "texture": "#1"},
				"west": {"uv": [15.25, 6, 15.5, 6.25], "texture": "#1"},
				"up": {"uv": [6.5, 15.5, 6.25, 15.25], "texture": "#1"},
				"down": {"uv": [15.5, 6.25, 15.25, 6.5], "texture": "#1"}
			}
		},
		{
			"from": [6, 20, 12],
			"to": [7, 21, 13],
			"rotation": {"angle": 0, "axis": "y", "origin": [5, 20, 12]},
			"faces": {
				"north": {"uv": [6.5, 15.25, 6.75, 15.5], "texture": "#1"},
				"east": {"uv": [15.25, 6.5, 15.5, 6.75], "texture": "#1"},
				"south": {"uv": [6.75, 15.25, 7, 15.5], "texture": "#1"},
				"west": {"uv": [15.25, 6.75, 15.5, 7], "texture": "#1"},
				"up": {"uv": [7.25, 15.5, 7, 15.25], "texture": "#1"},
				"down": {"uv": [15.5, 7, 15.25, 7.25], "texture": "#1"}
			}
		},
		{
			"from": [7, 20, 11],
			"to": [8, 21, 12],
			"rotation": {"angle": 0, "axis": "y", "origin": [6, 20, 11]},
			"faces": {
				"north": {"uv": [7.25, 15.25, 7.5, 15.5], "texture": "#1"},
				"east": {"uv": [15.25, 7.25, 15.5, 7.5], "texture": "#1"},
				"south": {"uv": [7.5, 15.25, 7.75, 15.5], "texture": "#1"},
				"west": {"uv": [15.25, 7.5, 15.5, 7.75], "texture": "#1"},
				"up": {"uv": [8, 15.5, 7.75, 15.25], "texture": "#1"},
				"down": {"uv": [15.5, 7.75, 15.25, 8], "texture": "#1"}
			}
		},
		{
			"from": [13, 20, 16],
			"to": [14, 21, 17],
			"rotation": {"angle": 0, "axis": "y", "origin": [12, 20, 16]},
			"faces": {
				"north": {"uv": [8, 15.25, 8.25, 15.5], "texture": "#1"},
				"east": {"uv": [15.25, 8, 15.5, 8.25], "texture": "#1"},
				"south": {"uv": [8.25, 15.25, 8.5, 15.5], "texture": "#1"},
				"west": {"uv": [15.25, 8.25, 15.5, 8.5], "texture": "#1"},
				"up": {"uv": [8.75, 15.5, 8.5, 15.25], "texture": "#1"},
				"down": {"uv": [15.5, 8.5, 15.25, 8.75], "texture": "#1"}
			}
		},
		{
			"from": [12, 20, 15],
			"to": [13, 21, 16],
			"rotation": {"angle": 0, "axis": "y", "origin": [11, 20, 15]},
			"faces": {
				"north": {"uv": [8.75, 15.25, 9, 15.5], "texture": "#1"},
				"east": {"uv": [15.25, 8.75, 15.5, 9], "texture": "#1"},
				"south": {"uv": [9, 15.25, 9.25, 15.5], "texture": "#1"},
				"west": {"uv": [15.25, 9, 15.5, 9.25], "texture": "#1"},
				"up": {"uv": [9.5, 15.5, 9.25, 15.25], "texture": "#1"},
				"down": {"uv": [15.5, 9.25, 15.25, 9.5], "texture": "#1"}
			}
		},
		{
			"from": [11, 20, 15],
			"to": [12, 21, 16],
			"rotation": {"angle": 0, "axis": "y", "origin": [10, 20, 15]},
			"faces": {
				"north": {"uv": [9.5, 15.25, 9.75, 15.5], "texture": "#1"},
				"east": {"uv": [15.25, 9.5, 15.5, 9.75], "texture": "#1"},
				"south": {"uv": [9.75, 15.25, 10, 15.5], "texture": "#1"},
				"west": {"uv": [15.25, 9.75, 15.5, 10], "texture": "#1"},
				"up": {"uv": [10.25, 15.5, 10, 15.25], "texture": "#1"},
				"down": {"uv": [15.5, 10, 15.25, 10.25], "texture": "#1"}
			}
		},
		{
			"from": [10, 20, 15],
			"to": [11, 21, 16],
			"rotation": {"angle": 0, "axis": "y", "origin": [9, 20, 15]},
			"faces": {
				"north": {"uv": [10.25, 15.25, 10.5, 15.5], "texture": "#1"},
				"east": {"uv": [10.5, 15.25, 10.75, 15.5], "texture": "#1"},
				"south": {"uv": [15.25, 10.5, 15.5, 10.75], "texture": "#1"},
				"west": {"uv": [10.75, 15.25, 11, 15.5], "texture": "#1"},
				"up": {"uv": [15.5, 11, 15.25, 10.75], "texture": "#1"},
				"down": {"uv": [11.25, 15.25, 11, 15.5], "texture": "#1"}
			}
		},
		{
			"from": [9, 20, 14],
			"to": [10, 21, 15],
			"rotation": {"angle": 0, "axis": "y", "origin": [8, 20, 14]},
			"faces": {
				"north": {"uv": [15.25, 11, 15.5, 11.25], "texture": "#1"},
				"east": {"uv": [11.25, 15.25, 11.5, 15.5], "texture": "#1"},
				"south": {"uv": [15.25, 11.25, 15.5, 11.5], "texture": "#1"},
				"west": {"uv": [11.5, 15.25, 11.75, 15.5], "texture": "#1"},
				"up": {"uv": [15.5, 11.75, 15.25, 11.5], "texture": "#1"},
				"down": {"uv": [12, 15.25, 11.75, 15.5], "texture": "#1"}
			}
		},
		{
			"from": [9, 20, 13],
			"to": [10, 21, 14],
			"rotation": {"angle": 0, "axis": "y", "origin": [8, 20, 13]},
			"faces": {
				"north": {"uv": [15.25, 11.75, 15.5, 12], "texture": "#1"},
				"east": {"uv": [12, 15.25, 12.25, 15.5], "texture": "#1"},
				"south": {"uv": [15.25, 12, 15.5, 12.25], "texture": "#1"},
				"west": {"uv": [12.25, 15.25, 12.5, 15.5], "texture": "#1"},
				"up": {"uv": [15.5, 12.5, 15.25, 12.25], "texture": "#1"},
				"down": {"uv": [12.75, 15.25, 12.5, 15.5], "texture": "#1"}
			}
		},
		{
			"from": [9, 20, 12],
			"to": [10, 21, 13],
			"rotation": {"angle": 0, "axis": "y", "origin": [8, 20, 12]},
			"faces": {
				"north": {"uv": [15.25, 12.5, 15.5, 12.75], "texture": "#1"},
				"east": {"uv": [12.75, 15.25, 13, 15.5], "texture": "#1"},
				"south": {"uv": [15.25, 12.75, 15.5, 13], "texture": "#1"},
				"west": {"uv": [13, 15.25, 13.25, 15.5], "texture": "#1"},
				"up": {"uv": [15.5, 13.25, 15.25, 13], "texture": "#1"},
				"down": {"uv": [13.5, 15.25, 13.25, 15.5], "texture": "#1"}
			}
		},
		{
			"from": [8, 20, 11],
			"to": [9, 21, 12],
			"rotation": {"angle": 0, "axis": "y", "origin": [7, 20, 11]},
			"faces": {
				"north": {"uv": [15.25, 13.25, 15.5, 13.5], "texture": "#1"},
				"east": {"uv": [13.5, 15.25, 13.75, 15.5], "texture": "#1"},
				"south": {"uv": [15.25, 13.5, 15.5, 13.75], "texture": "#1"},
				"west": {"uv": [13.75, 15.25, 14, 15.5], "texture": "#1"},
				"up": {"uv": [15.5, 14, 15.25, 13.75], "texture": "#1"},
				"down": {"uv": [14.25, 15.25, 14, 15.5], "texture": "#1"}
			}
		},
		{
			"from": [9, 20, 3],
			"to": [10, 21, 4],
			"rotation": {"angle": 0, "axis": "y", "origin": [8, 20, 3]},
			"faces": {
				"north": {"uv": [15.25, 14, 15.5, 14.25], "texture": "#1"},
				"east": {"uv": [14.25, 15.25, 14.5, 15.5], "texture": "#1"},
				"south": {"uv": [15.25, 14.25, 15.5, 14.5], "texture": "#1"},
				"west": {"uv": [14.5, 15.25, 14.75, 15.5], "texture": "#1"},
				"up": {"uv": [15.5, 14.75, 15.25, 14.5], "texture": "#1"},
				"down": {"uv": [15, 15.25, 14.75, 15.5], "texture": "#1"}
			}
		},
		{
			"from": [10, 20, 3],
			"to": [11, 21.4, 4],
			"rotation": {"angle": 0, "axis": "y", "origin": [9, 20, 3]},
			"faces": {
				"north": {"uv": [1.5, 14.75, 1.75, 15.125], "texture": "#1"},
				"east": {"uv": [1.75, 14.75, 2, 15.125], "texture": "#1"},
				"south": {"uv": [2, 14.75, 2.25, 15.125], "texture": "#1"},
				"west": {"uv": [2.25, 14.75, 2.5, 15.125], "texture": "#1"},
				"up": {"uv": [15.5, 15, 15.25, 14.75], "texture": "#1"},
				"down": {"uv": [15.25, 15.25, 15, 15.5], "texture": "#1"}
			}
		},
		{
			"from": [11, 20, 3],
			"to": [12, 22, 4],
			"rotation": {"angle": 0, "axis": "y", "origin": [10, 20, 3]},
			"faces": {
				"north": {"uv": [11.25, 9.25, 11.5, 9.75], "texture": "#1"},
				"east": {"uv": [2.5, 11.75, 2.75, 12.25], "texture": "#1"},
				"south": {"uv": [3.75, 11.75, 4, 12.25], "texture": "#1"},
				"west": {"uv": [6.75, 12.25, 7, 12.75], "texture": "#1"},
				"up": {"uv": [15.5, 15.25, 15.25, 15], "texture": "#1"},
				"down": {"uv": [15.5, 15.25, 15.25, 15.5], "texture": "#1"}
			}
		},
		{
			"from": [8, 20, 4],
			"to": [13, 21, 5],
			"rotation": {"angle": 0, "axis": "y", "origin": [11, 20, 4]},
			"faces": {
				"north": {"uv": [13.75, 2, 15, 2.25], "texture": "#1"},
				"east": {"uv": [0, 15.5, 0.25, 15.75], "texture": "#1"},
				"south": {"uv": [13.75, 2.25, 15, 2.5], "texture": "#1"},
				"west": {"uv": [15.5, 0, 15.75, 0.25], "texture": "#1"},
				"up": {"uv": [3.75, 14, 2.5, 13.75], "texture": "#1"},
				"down": {"uv": [15, 2.5, 13.75, 2.75], "texture": "#1"}
			}
		},
		{
			"from": [13, 20, 5],
			"to": [14, 21, 6],
			"rotation": {"angle": 0, "axis": "y", "origin": [12, 20, 5]},
			"faces": {
				"north": {"uv": [0.25, 15.5, 0.5, 15.75], "texture": "#1"},
				"east": {"uv": [15.5, 0.25, 15.75, 0.5], "texture": "#1"},
				"south": {"uv": [0.5, 15.5, 0.75, 15.75], "texture": "#1"},
				"west": {"uv": [15.5, 0.5, 15.75, 0.75], "texture": "#1"},
				"up": {"uv": [1, 15.75, 0.75, 15.5], "texture": "#1"},
				"down": {"uv": [15.75, 0.75, 15.5, 1], "texture": "#1"}
			}
		},
		{
			"from": [13, 20, 6],
			"to": [14, 21, 7],
			"rotation": {"angle": 0, "axis": "y", "origin": [12, 20, 6]},
			"faces": {
				"north": {"uv": [1, 15.5, 1.25, 15.75], "texture": "#1"},
				"east": {"uv": [15.5, 1, 15.75, 1.25], "texture": "#1"},
				"south": {"uv": [1.25, 15.5, 1.5, 15.75], "texture": "#1"},
				"west": {"uv": [15.5, 1.25, 15.75, 1.5], "texture": "#1"},
				"up": {"uv": [1.75, 15.75, 1.5, 15.5], "texture": "#1"},
				"down": {"uv": [15.75, 1.5, 15.5, 1.75], "texture": "#1"}
			}
		},
		{
			"from": [14, 20, 7],
			"to": [15, 21, 8],
			"rotation": {"angle": 0, "axis": "y", "origin": [13, 20, 7]},
			"faces": {
				"north": {"uv": [1.75, 15.5, 2, 15.75], "texture": "#1"},
				"east": {"uv": [15.5, 1.75, 15.75, 2], "texture": "#1"},
				"south": {"uv": [2, 15.5, 2.25, 15.75], "texture": "#1"},
				"west": {"uv": [15.5, 2, 15.75, 2.25], "texture": "#1"},
				"up": {"uv": [2.5, 15.75, 2.25, 15.5], "texture": "#1"},
				"down": {"uv": [15.75, 2.25, 15.5, 2.5], "texture": "#1"}
			}
		},
		{
			"from": [14, 20, 8],
			"to": [15, 21, 9],
			"rotation": {"angle": 0, "axis": "y", "origin": [13, 20, 8]},
			"faces": {
				"north": {"uv": [2.5, 15.5, 2.75, 15.75], "texture": "#1"},
				"east": {"uv": [15.5, 2.5, 15.75, 2.75], "texture": "#1"},
				"south": {"uv": [2.75, 15.5, 3, 15.75], "texture": "#1"},
				"west": {"uv": [15.5, 2.75, 15.75, 3], "texture": "#1"},
				"up": {"uv": [3.25, 15.75, 3, 15.5], "texture": "#1"},
				"down": {"uv": [15.75, 3, 15.5, 3.25], "texture": "#1"}
			}
		},
		{
			"from": [14, 20, 9],
			"to": [15, 21, 10],
			"rotation": {"angle": 0, "axis": "y", "origin": [13, 20, 9]},
			"faces": {
				"north": {"uv": [3.25, 15.5, 3.5, 15.75], "texture": "#1"},
				"east": {"uv": [15.5, 3.25, 15.75, 3.5], "texture": "#1"},
				"south": {"uv": [3.5, 15.5, 3.75, 15.75], "texture": "#1"},
				"west": {"uv": [15.5, 3.5, 15.75, 3.75], "texture": "#1"},
				"up": {"uv": [4, 15.75, 3.75, 15.5], "texture": "#1"},
				"down": {"uv": [15.75, 3.75, 15.5, 4], "texture": "#1"}
			}
		},
		{
			"from": [15, 20, 10],
			"to": [16, 21, 11],
			"rotation": {"angle": 0, "axis": "y", "origin": [14, 20, 10]},
			"faces": {
				"north": {"uv": [4, 15.5, 4.25, 15.75], "texture": "#1"},
				"east": {"uv": [15.5, 4, 15.75, 4.25], "texture": "#1"},
				"south": {"uv": [4.25, 15.5, 4.5, 15.75], "texture": "#1"},
				"west": {"uv": [15.5, 4.25, 15.75, 4.5], "texture": "#1"},
				"up": {"uv": [4.75, 15.75, 4.5, 15.5], "texture": "#1"},
				"down": {"uv": [15.75, 4.5, 15.5, 4.75], "texture": "#1"}
			}
		},
		{
			"from": [9, 20, 11],
			"to": [16, 21, 12],
			"rotation": {"angle": 0, "axis": "y", "origin": [14, 20, 11]},
			"faces": {
				"north": {"uv": [7.5, 12.25, 9.25, 12.5], "texture": "#1"},
				"east": {"uv": [4.75, 15.5, 5, 15.75], "texture": "#1"},
				"south": {"uv": [12.25, 7.5, 14, 7.75], "texture": "#1"},
				"west": {"uv": [15.5, 4.75, 15.75, 5], "texture": "#1"},
				"up": {"uv": [14, 8, 12.25, 7.75], "texture": "#1"},
				"down": {"uv": [14, 8, 12.25, 8.25], "texture": "#1"}
			}
		},
		{
			"from": [10, 20, 12],
			"to": [16, 21, 13],
			"rotation": {"angle": 0, "axis": "y", "origin": [14, 20, 12]},
			"faces": {
				"north": {"uv": [9, 13.5, 10.5, 13.75], "texture": "#1"},
				"east": {"uv": [5, 15.5, 5.25, 15.75], "texture": "#1"},
				"south": {"uv": [10.5, 13.5, 12, 13.75], "texture": "#1"},
				"west": {"uv": [15.5, 5, 15.75, 5.25], "texture": "#1"},
				"up": {"uv": [13.5, 13.75, 12, 13.5], "texture": "#1"},
				"down": {"uv": [15, 12.25, 13.5, 12.5], "texture": "#1"}
			}
		},
		{
			"from": [10, 20, 13],
			"to": [17, 21, 14],
			"rotation": {"angle": 0, "axis": "y", "origin": [15, 20, 13]},
			"faces": {
				"north": {"uv": [12.25, 8.25, 14, 8.5], "texture": "#1"},
				"east": {"uv": [5.25, 15.5, 5.5, 15.75], "texture": "#1"},
				"south": {"uv": [12.25, 8.5, 14, 8.75], "texture": "#1"},
				"west": {"uv": [15.5, 5.25, 15.75, 5.5], "texture": "#1"},
				"up": {"uv": [14, 9, 12.25, 8.75], "texture": "#1"},
				"down": {"uv": [14, 9, 12.25, 9.25], "texture": "#1"}
			}
		},
		{
			"from": [10, 20, 14],
			"to": [17, 21, 15],
			"rotation": {"angle": 0, "axis": "y", "origin": [15, 20, 14]},
			"faces": {
				"north": {"uv": [9.25, 12.25, 11, 12.5], "texture": "#1"},
				"east": {"uv": [5.5, 15.5, 5.75, 15.75], "texture": "#1"},
				"south": {"uv": [11, 12.25, 12.75, 12.5], "texture": "#1"},
				"west": {"uv": [15.5, 5.5, 15.75, 5.75], "texture": "#1"},
				"up": {"uv": [1.75, 12.75, 0, 12.5], "texture": "#1"},
				"down": {"uv": [14.25, 0.5, 12.5, 0.75], "texture": "#1"}
			}
		},
		{
			"from": [13, 20, 15],
			"to": [17, 21, 16],
			"rotation": {"angle": 0, "axis": "y", "origin": [15, 20, 15]},
			"faces": {
				"north": {"uv": [9.75, 13.75, 10.75, 14], "texture": "#1"},
				"east": {"uv": [5.75, 15.5, 6, 15.75], "texture": "#1"},
				"south": {"uv": [13.75, 10, 14.75, 10.25], "texture": "#1"},
				"west": {"uv": [15.5, 5.75, 15.75, 6], "texture": "#1"},
				"up": {"uv": [14.75, 10.5, 13.75, 10.25], "texture": "#1"},
				"down": {"uv": [14.75, 10.5, 13.75, 10.75], "texture": "#1"}
			}
		},
		{
			"from": [13, 20, 16],
			"to": [17, 21, 17],
			"rotation": {"angle": 0, "axis": "y", "origin": [15, 20, 16]},
			"faces": {
				"north": {"uv": [10.75, 13.75, 11.75, 14], "texture": "#1"},
				"east": {"uv": [6, 15.5, 6.25, 15.75], "texture": "#1"},
				"south": {"uv": [13.75, 10.75, 14.75, 11], "texture": "#1"},
				"west": {"uv": [15.5, 6, 15.75, 6.25], "texture": "#1"},
				"up": {"uv": [14.75, 11.25, 13.75, 11], "texture": "#1"},
				"down": {"uv": [14.75, 11.25, 13.75, 11.5], "texture": "#1"}
			}
		},
		{
			"from": [17, 20, 17],
			"to": [18, 22, 18],
			"rotation": {"angle": 0, "axis": "y", "origin": [16, 20, 17]},
			"faces": {
				"north": {"uv": [10, 14.5, 10.25, 15], "texture": "#1"},
				"east": {"uv": [10.25, 14.5, 10.5, 15], "texture": "#1"},
				"south": {"uv": [10.5, 14.5, 10.75, 15], "texture": "#1"},
				"west": {"uv": [10.75, 14.5, 11, 15], "texture": "#1"},
				"up": {"uv": [6.5, 15.75, 6.25, 15.5], "texture": "#1"},
				"down": {"uv": [15.75, 6.25, 15.5, 6.5], "texture": "#1"}
			}
		},
		{
			"from": [15, 20, 17],
			"to": [16, 21.4, 18],
			"rotation": {"angle": 0, "axis": "y", "origin": [14, 20, 17]},
			"faces": {
				"north": {"uv": [2.5, 14.75, 2.75, 15.125], "texture": "#1"},
				"east": {"uv": [2.75, 14.75, 3, 15.125], "texture": "#1"},
				"south": {"uv": [3, 14.75, 3.25, 15.125], "texture": "#1"},
				"west": {"uv": [3.25, 14.75, 3.5, 15.125], "texture": "#1"},
				"up": {"uv": [6.75, 15.75, 6.5, 15.5], "texture": "#1"},
				"down": {"uv": [15.75, 6.5, 15.5, 6.75], "texture": "#1"}
			}
		},
		{
			"from": [14, 20, 17],
			"to": [15, 21.3, 18],
			"rotation": {"angle": 0, "axis": "y", "origin": [13, 20, 17]},
			"faces": {
				"north": {"uv": [3.5, 14.75, 3.75, 15.125], "texture": "#1"},
				"east": {"uv": [3.75, 14.75, 4, 15.125], "texture": "#1"},
				"south": {"uv": [4, 14.75, 4.25, 15.125], "texture": "#1"},
				"west": {"uv": [14.75, 4, 15, 4.375], "texture": "#1"},
				"up": {"uv": [7, 15.75, 6.75, 15.5], "texture": "#1"},
				"down": {"uv": [15.75, 6.75, 15.5, 7], "texture": "#1"}
			}
		},
		{
			"from": [-3, -12, -4],
			"to": [19, -10, 19],
			"rotation": {"angle": 0, "axis": "y", "origin": [0, -11, 0]},
			"faces": {
				"north": {"uv": [0, 15, 16, 16], "texture": "#0"},
				"east": {"uv": [0, 15, 16, 16], "texture": "#0"},
				"south": {"uv": [0, 0, 16, 0.5], "texture": "#0"},
				"west": {"uv": [0, 0, 1, 14.5], "texture": "#0"},
				"up": {"uv": [0, 0, 16, 16], "texture": "#0"},
				"down": {"uv": [0, 0, 16, 16], "texture": "#0"}
			}
		},
		{
			"from": [-12, -16, -12],
			"to": [29, -14, 29],
			"rotation": {"angle": 0, "axis": "y", "origin": [0, -15, 0]},
			"faces": {
				"north": {"uv": [0, 4, 14.9, 6.1], "texture": "#0"},
				"east": {"uv": [0, 15.1, 15.9, 16], "texture": "#0"},
				"south": {"uv": [0, 15.3, 15.9, 16], "texture": "#0"},
				"west": {"uv": [0, 0, 16, 1.1], "texture": "#0"},
				"up": {"uv": [0, 0, 16, 16], "texture": "#0"},
				"down": {"uv": [0, 0, 16, 16], "texture": "#0"}
			}
		},
		{
			"from": [-10, -14, 1],
			"to": [18, -12, 32],
			"rotation": {"angle": 45, "axis": "y", "origin": [-4, -14, 8]},
			"faces": {
				"north": {"uv": [0, 4, 15, 5.5], "texture": "#0"},
				"east": {"uv": [0, 15.2, 15.8, 16], "texture": "#0"},
				"south": {"uv": [0, 15.2, 15.8, 16], "texture": "#0"},
				"west": {"uv": [0, 0, 16, 1.5], "texture": "#0"},
				"up": {"uv": [0, 0, 16, 16], "texture": "#0"},
				"down": {"uv": [0, 0, 16, 16], "texture": "#0"}
			}
		}
	],
	"display": {
		"thirdperson_righthand": {
			"rotation": [16, -11, 0],
			"translation": [0, 1.75, 1],
			"scale": [0.21, 0.21, 0.21]
		},
		"thirdperson_lefthand": {
			"rotation": [16, 11, 0],
			"translation": [0, 1.75, 1],
			"scale": [0.21, 0.21, 0.21]
		},
		"firstperson_righthand": {
			"rotation": [-180, 64.22, -180],
			"translation": [0, 4.25, 2.75],
			"scale": [0.22, 0.22, 0.22]
		},
		"firstperson_lefthand": {
			"rotation": [-180, 64.22, -180],
			"translation": [0, 4.25, 2.75],
			"scale": [0.22, 0.22, 0.22]
		},
		"ground": {
			"translation": [0, 9.25, 0],
			"scale": [0.41, 0.41, 0.41]
		},
		"gui": {
			"rotation": [-158.5, -44.75, -180],
			"translation": [0.5, 1.5, 0],
			"scale": [0.27, 0.27, 0.27]
		},
		"head": {
			"translation": [0, 15.5, 0],
			"scale": [0.38, 0.38, 0.38]
		},
		"fixed": {
			"rotation": [-90, 0, 0],
			"translation": [0, 0, -17],
			"scale": [0.73, 0.73, 0.73]
		}
	},
	"groups": [
		{
			"name": "group",
			"origin": [8, 8, 8],
			"color": 0,
			"children": [
				0,
				{
					"name": "steve",
					"origin": [0, 0, 0],
					"color": 0,
					"children": [
						{
							"name": "körper",
							"origin": [0, 0, 0],
							"color": 0,
							"children": [1, 2, 3, 4, 5, 6, 7, 8, 9, 10, 11, 12, 13, 14, 15, 16, 17, 18, 19, 20, 21, 22, 23, 24, 25]
						}
					]
				},
				{
					"name": "elytra",
					"origin": [8, 8, 8],
					"color": 0,
					"children": [
						26,
						27,
						28,
						29,
						30,
						31,
						32,
						33,
						34,
						35,
						36,
						37,
						38,
						39,
						40,
						41,
						42,
						43,
						44,
						45,
						46,
						47,
						48,
						49,
						50,
						51,
						52,
						53,
						54,
						55,
						56,
						57,
						58,
						59,
						60,
						61,
						62,
						63,
						64,
						65,
						66,
						67,
						68,
						69,
						70,
						71,
						72,
						73,
						74,
						75,
						76,
						77,
						78,
						79,
						80,
						81,
						82,
						83,
						84,
						85,
						86,
						87,
						88,
						89,
						90,
						91,
						92,
						93,
						94,
						95,
						96,
						97,
						98,
						99,
						100,
						101,
						102,
						103,
						104,
						105,
						106,
						107,
						108,
						109,
						110,
						111,
						112,
						113,
						114,
						115,
						116,
						117,
						118,
						119,
						120,
						121,
						122,
						123,
						124,
						125,
						126,
						127,
						128,
						129,
						130,
						131,
						132,
						133,
						134,
						135,
						136,
						137,
						138,
						139,
						140,
						141,
						142,
						143,
						144,
						145,
						146,
						147,
						148
					]
				},
				{
					"name": "podest",
					"origin": [8, 8, 8],
					"color": 0,
					"children": [149, 150, 151]
				}
			]
		}
	]
}