{
  "model": {
    "type": "minecraft:condition",
    "property": "minecraft:has_component",
    "component": "minecraft:custom_name",
    "on_true": {
      "type": "minecraft:select",
      "property": "minecraft:component",
      "component": "minecraft:custom_name",
      "cases": [
        {
          "when": "dragon slayer",
          "model": {
            "type": "minecraft:model",
            "model": "music_disc_variants:item/dragon_slayer/dragon_slayer"
          }
        }
      ],
      "fallback": {
        "type": "minecraft:model",
        "model": "minecraft:item/music_disc_otherside"
      }
    },
    "on_false": {
      "type": "minecraft:model",
      "model": "minecraft:item/music_disc_otherside"
    }
  }
}